ID,estuary,tran,plot,RTKele,MLLW,MHHW,TR,filter2,elrelHW
1,Grand_Bay,1,1,-0.463,-0.1111,0.3635,0.4746,0,-0.826457
2,Grand_Bay,1,2,-0.271,-0.1111,0.3635,0.4746,0,-0.634457
3,Grand_Bay,1,3,0.113,-0.1111,0.3635,0.4746,1,-0.250457
4,Grand_Bay,1,4,0.215,-0.1111,0.3635,0.4746,1,-0.148457
5,Grand_Bay,1,5,0.275,-0.1111,0.3635,0.4746,1,-0.0884573
6,Grand_Bay,1,6,0.277,-0.1111,0.3635,0.4746,1,-0.0864573
7,Grand_Bay,1,7,0.4,-0.1111,0.3635,0.4746,1,0.0365427
8,Grand_Bay,1,8,0.322,-0.1111,0.3635,0.4746,1,-0.0414573
9,Grand_Bay,2,9,-0.002,-0.1101,0.3694,0.4795,0,-0.37135
10,Grand_Bay,2,10,0.1,-0.1101,0.3694,0.4795,0,-0.26935
11,Grand_Bay,2,11,0.168,-0.1101,0.3694,0.4795,1,-0.20135
12,Grand_Bay,2,12,0.19,-0.1101,0.3694,0.4795,1,-0.17935
13,Grand_Bay,2,13,0.221,-0.1101,0.3694,0.4795,1,-0.14835
14,Grand_Bay,2,14,0.244,-0.1101,0.3694,0.4795,1,-0.12535
15,Grand_Bay,2,15,0.228,-0.1101,0.3694,0.4795,1,-0.14135
16,Grand_Bay,3,16,0.018,-0.11,0.3699,0.48,0,-0.351946
17,Grand_Bay,3,17,0.081,-0.11,0.3699,0.48,0,-0.288946
18,Grand_Bay,3,18,0.246,-0.11,0.3699,0.48,1,-0.123946
19,Grand_Bay,3,19,0.286,-0.11,0.3699,0.48,1,-0.083946
20,Grand_Bay,3,20,0.324,-0.11,0.3699,0.48,1,-0.045946
21,Grand_Bay,3,21,0.296,-0.1101,0.3699,0.4801,1,-0.073946
22,Grand_Bay,3,22,0.296,-0.1102,0.3699,0.4801,1,-0.073946
23,Grand_Bay,4,23,-0.059,-0.1062,0.3715,0.4777,0,-0.430476
24,Grand_Bay,4,24,0.008,-0.1062,0.3715,0.4777,0,-0.363476
25,Grand_Bay,4,25,0.101,-0.1062,0.3715,0.4777,1,-0.270476
26,Grand_Bay,4,26,0.174,-0.1062,0.3715,0.4777,1,-0.197476
27,Grand_Bay,4,27,0.226,-0.1062,0.3715,0.4777,1,-0.145476
28,Grand_Bay,4,28,0.37,-0.1068,0.3715,0.4783,1,-0.00147573
29,Grand_Bay,4,29,0.378,-0.1068,0.3715,0.4783,1,0.00652427
30,Grand_Bay,4,30,0.469,-0.1068,0.3715,0.4783,1,0.0975243
31,Grand_Bay,4,31,0.457,-0.1068,0.3715,0.4783,1,0.0855243
32,Grand_Bay,4,32,0.413,-0.1068,0.3715,0.4783,1,0.0415243
33,Grand_Bay,4,33,0.446,-0.1068,0.3715,0.4783,1,0.0745243
34,Grand_Bay,4,34,0.449,-0.1068,0.3715,0.4783,1,0.0775243
35,Grand_Bay,4,35,0.475,-0.1068,0.3715,0.4783,1,0.103524
36,Grand_Bay,4,36,0.562,-0.1068,0.3715,0.4783,1,0.190524
37,Grand_Bay,4,37,0.533,-0.1068,0.3715,0.4783,0,0.161524
38,Grand_Bay,4,38,0.536,-0.1068,0.3715,0.4783,0,0.164524
39,Grand_Bay,4,39,0.581,-0.1068,0.3715,0.4783,0,0.209524
40,Grand_Bay,4,40,0.563,-0.1068,0.3715,0.4783,0,0.191524
41,Grand_Bay,5,41,-0.123,-0.1097,0.3688,0.4785,0,-0.491799
42,Grand_Bay,5,42,-0.035,-0.1097,0.3688,0.4785,0,-0.403799
43,Grand_Bay,5,43,0.055,-0.1097,0.3688,0.4785,0,-0.313799
44,Grand_Bay,5,44,0.216,-0.1097,0.3688,0.4785,1,-0.152799
45,Grand_Bay,5,45,0.295,-0.1097,0.3688,0.4785,1,-0.0737987
46,Grand_Bay,5,46,0.51,-0.1097,0.3688,0.4785,1,0.141201
47,Grand_Bay,5,47,0.578,-0.1097,0.3688,0.4785,1,0.209201
48,Grand_Bay,5,48,0.588,-0.1097,0.3688,0.4785,1,0.219201
49,Grand_Bay,5,49,0.581,-0.1097,0.3688,0.4785,1,0.212201
50,Grand_Bay,5,50,0.577,-0.1097,0.3688,0.4785,1,0.208201
51,Grand_Bay,5,51,0.586,-0.1097,0.3688,0.4785,1,0.217201
52,Grand_Bay,5,52,0.612,-0.1097,0.3688,0.4785,1,0.243201
53,Grand_Bay,5,53,0.61,-0.1097,0.3688,0.4785,1,0.241201
54,Grand_Bay,5,54,0.629,-0.1097,0.3688,0.4785,1,0.260201
55,Grand_Bay,5,55,0.674,-0.1098,0.3688,0.4786,0,0.305201
56,Grand_Bay,5,56,0.727,-0.1098,0.3688,0.4786,0,0.358201
57,Grand_Bay,5,57,0.77,-0.1098,0.3688,0.4786,0,0.401201
58,Grand_Bay,6,58,-0.17,-0.1068,0.3702,0.477,0,-0.540234
59,Grand_Bay,6,59,-0.032,-0.1068,0.3702,0.477,0,-0.402234
60,Grand_Bay,6,60,0.107,-0.1068,0.3702,0.477,1,-0.263234
61,Grand_Bay,6,61,0.193,-0.1068,0.3702,0.477,1,-0.177234
62,Grand_Bay,6,62,0.247,-0.1068,0.3702,0.477,1,-0.123234
63,Grand_Bay,6,63,0.255,-0.1068,0.3702,0.477,1,-0.115234
64,Grand_Bay,6,64,0.259,-0.1068,0.3696,0.4764,1,-0.110559
65,Grand_Bay,6,65,0.383,-0.1068,0.3696,0.4764,1,0.0134407
66,Grand_Bay,6,66,0.567,-0.1068,0.3696,0.4764,0,0.197441
67,Grand_Bay,6,67,0.626,-0.1068,0.3696,0.4764,0,0.256441
68,Grand_Bay,6,68,0.594,-0.1068,0.3696,0.4764,0,0.224441
69,Grand_Bay,6,69,0.674,-0.1068,0.3696,0.4764,0,0.304441
70,Grand_Bay,6,70,0.93,-0.1068,0.3696,0.4764,0,0.560441
71,Grand_Bay,7,71,-0.425,-0.1081,0.3691,0.4772,0,-0.794095
72,Grand_Bay,7,72,0.066,-0.1081,0.3691,0.4772,0,-0.303094
73,Grand_Bay,7,73,0.197,-0.1081,0.3691,0.4772,1,-0.172094
74,Grand_Bay,7,74,0.345,-0.1081,0.3691,0.4772,1,-0.0240945
75,Grand_Bay,7,75,0.354,-0.1083,0.3691,0.4774,1,-0.0150945
76,Grand_Bay,7,76,0.392,-0.1083,0.3691,0.4774,1,0.0229055
77,Grand_Bay,7,77,0.405,-0.1083,0.3691,0.4774,1,0.0359055
78,Grand_Bay,7,78,0.411,-0.1083,0.3691,0.4774,1,0.0419055
79,Grand_Bay,7,79,0.589,-0.1083,0.3691,0.4774,1,0.219906
80,Grand_Bay,7,80,0.596,-0.1083,0.3691,0.4774,1,0.226906
81,Grand_Bay,7,81,0.581,-0.1083,0.3691,0.4774,1,0.211906
82,Grand_Bay,7,82,0.591,-0.1083,0.3691,0.4774,1,0.221906
83,Grand_Bay,7,83,0.522,-0.1083,0.3691,0.4774,1,0.152906
84,Grand_Bay,7,84,0.513,-0.1083,0.3691,0.4774,1,0.143906
85,Grand_Bay,7,85,0.506,-0.1083,0.3691,0.4774,1,0.136906
86,Grand_Bay,7,86,0.48,-0.1083,0.3691,0.4774,1,0.110906
87,Grand_Bay,7,87,0.5,-0.1083,0.3691,0.4774,1,0.130906
88,Grand_Bay,7,88,0.476,-0.1083,0.3691,0.4774,1,0.106906
89,Grand_Bay,7,89,0.527,-0.1083,0.3691,0.4774,1,0.157906
90,Grand_Bay,7,90,0.515,-0.1083,0.3691,0.4774,1,0.145906
91,Lower_Laguna_Madre,1,1,-0.036,-0.0695,0.0079,0.0774,0,-0.043906
92,Lower_Laguna_Madre,1,2,0.005,-0.0695,0.0079,0.0774,0,-0.00290602
93,Lower_Laguna_Madre,1,3,0.282,-0.0695,0.0079,0.0774,1,0.274094
94,Lower_Laguna_Madre,1,4,0.251,-0.0695,0.0079,0.0774,1,0.243094
95,Lower_Laguna_Madre,1,5,0.223,-0.0695,0.0079,0.0774,1,0.215094
96,Lower_Laguna_Madre,1,6,0.237,-0.0695,0.0079,0.0774,1,0.229094
97,Lower_Laguna_Madre,1,7,0.18,-0.0695,0.0079,0.0774,1,0.172094
98,Lower_Laguna_Madre,1,8,0.252,-0.0695,0.0079,0.0774,1,0.244094
99,Lower_Laguna_Madre,1,9,0.238,-0.0687,0.0079,0.0766,1,0.230094
100,Lower_Laguna_Madre,1,10,0.293,-0.0687,0.0079,0.0766,1,0.285094
101,Lower_Laguna_Madre,1,11,0.302,-0.0687,0.0079,0.0766,1,0.294094
102,Lower_Laguna_Madre,1,12,0.308,-0.0687,0.0079,0.0766,1,0.300094
103,Lower_Laguna_Madre,1,13,0.355,-0.0687,0.0079,0.0766,1,0.347094
104,Lower_Laguna_Madre,1,14,0.354,-0.0687,0.0079,0.0766,1,0.346094
105,Lower_Laguna_Madre,1,15,0.405,-0.0687,0.0079,0.0766,1,0.397094
106,Lower_Laguna_Madre,1,16,0.381,-0.0687,0.0079,0.0766,1,0.373094
107,Lower_Laguna_Madre,1,17,0.391,-0.0687,0.0079,0.0766,1,0.383094
108,Lower_Laguna_Madre,1,18,0.275,-0.0687,0.0079,0.0766,1,0.267094
109,Lower_Laguna_Madre,1,19,0.262,-0.0687,0.0079,0.0766,1,0.254094
110,Lower_Laguna_Madre,1,20,0.291,-0.0687,0.0079,0.0766,1,0.283094
111,Lower_Laguna_Madre,1,21,0.378,-0.0687,0.0085,0.0772,0,0.36949
112,Lower_Laguna_Madre,1,22,0.435,-0.0687,0.0085,0.0772,0,0.42649
113,Lower_Laguna_Madre,1,23,0.373,-0.0687,0.0085,0.0772,0,0.36449
114,Lower_Laguna_Madre,1,24,0.274,-0.0687,0.0085,0.0772,0,0.26549
115,Lower_Laguna_Madre,1,25,0.253,-0.0687,0.0085,0.0772,1,0.24449
116,Lower_Laguna_Madre,1,26,0.265,-0.0687,0.0091,0.0778,1,0.255943
117,Lower_Laguna_Madre,1,27,0.229,-0.0687,0.0091,0.0778,1,0.219943
118,Lower_Laguna_Madre,2,28,-0.036,-0.0601,0.0071,0.0672,0,-0.0431175
119,Lower_Laguna_Madre,2,29,0.016,-0.0601,0.0071,0.0672,0,0.0088825
120,Lower_Laguna_Madre,2,30,0.098,-0.0601,0.0071,0.0672,1,0.0908825
121,Lower_Laguna_Madre,2,31,0.164,-0.0601,0.0071,0.0672,1,0.156882
122,Lower_Laguna_Madre,2,32,0.284,-0.0601,0.0071,0.0672,1,0.276882
123,Lower_Laguna_Madre,2,33,0.329,-0.0601,0.0071,0.0672,1,0.321883
124,Lower_Laguna_Madre,2,34,0.369,-0.0601,0.0071,0.0672,1,0.361883
125,Lower_Laguna_Madre,2,35,0.4875,-0.0601,0.0071,0.0672,0,0.480383
126,Lower_Laguna_Madre,2,36,0.8885,-0.0601,0.0071,0.0672,0,0.881383
127,Lower_Laguna_Madre,3,37,-0.463,-0.2693,0.1292,0.3985,0,-0.592217
128,Lower_Laguna_Madre,3,38,-0.368,-0.2693,0.1292,0.3985,0,-0.497217
129,Lower_Laguna_Madre,3,39,-0.245,-0.2693,0.1292,0.3985,0,-0.374217
130,Lower_Laguna_Madre,3,40,-0.08,-0.2693,0.1292,0.3985,0,-0.209217
131,Lower_Laguna_Madre,3,41,-0.117,-0.2693,0.1292,0.3985,0,-0.246217
132,Lower_Laguna_Madre,3,42,-0.11,-0.2693,0.1292,0.3985,0,-0.239217
133,Lower_Laguna_Madre,3,43,-0.043,-0.2693,0.1292,0.3985,1,-0.172217
134,Lower_Laguna_Madre,3,44,0.007,-0.2693,0.1292,0.3985,1,-0.122217
135,Lower_Laguna_Madre,3,45,0.047,-0.2693,0.1288,0.398,1,-0.0817679
136,Lower_Laguna_Madre,3,46,0.059,-0.2672,0.1288,0.396,1,-0.0697679
137,Lower_Laguna_Madre,3,47,0.149,-0.2672,0.1288,0.396,1,0.0202321
138,Lower_Laguna_Madre,4,48,-0.117,-0.2711,0.131,0.4021,0,-0.247958
139,Lower_Laguna_Madre,4,49,-0.162,-0.2711,0.131,0.4021,0,-0.292958
140,Lower_Laguna_Madre,4,50,-0.107,-0.2711,0.131,0.4021,0,-0.237958
141,Lower_Laguna_Madre,4,51,0.045,-0.2727,0.131,0.4036,1,-0.0859582
142,Lower_Laguna_Madre,4,52,0.04,-0.2727,0.131,0.4036,1,-0.0909582
143,Lower_Laguna_Madre,4,53,0.076,-0.2727,0.1319,0.4046,1,-0.0559311
144,Lower_Laguna_Madre,4,54,0.192,-0.2727,0.1319,0.4046,1,0.0600689
145,Lower_Laguna_Madre,4,55,0.436,-0.2727,0.1319,0.4046,1,0.304069
146,Lower_Laguna_Madre,4,56,0.336,-0.2727,0.1319,0.4046,1,0.204069
147,Lower_Laguna_Madre,4,57,0.39,-0.2727,0.1319,0.4046,1,0.258069
148,Lower_Laguna_Madre,4,58,0.338,-0.2727,0.1319,0.4046,1,0.206069
149,Lower_Laguna_Madre,4,59,0.31,-0.2727,0.1319,0.4046,1,0.178069
150,Lower_Laguna_Madre,4,60,0.301,-0.2727,0.1319,0.4046,1,0.169069
151,Lower_Laguna_Madre,4,61,0.264,-0.2727,0.1319,0.4046,1,0.132069
152,Lower_Laguna_Madre,4,62,0.278,-0.2727,0.1319,0.4046,1,0.146069
153,Lower_Laguna_Madre,4,63,0.268,-0.2727,0.1319,0.4046,1,0.136069
154,Lower_Laguna_Madre,5,64,-0.034,-0.2688,0.1304,0.3992,0,-0.164407
155,Lower_Laguna_Madre,5,65,-0.042,-0.2688,0.1304,0.3992,0,-0.172407
156,Lower_Laguna_Madre,5,66,-0.037,-0.2688,0.1304,0.3992,1,-0.167407
157,Lower_Laguna_Madre,5,67,0.05,-0.2688,0.1304,0.3992,1,-0.0804075
158,Lower_Laguna_Madre,5,68,0.045,-0.2688,0.1304,0.3992,1,-0.0854075
159,Lower_Laguna_Madre,5,69,0.191,-0.2688,0.13,0.3988,1,0.0610134
160,Lower_Laguna_Madre,5,70,0.217,-0.2688,0.13,0.3988,1,0.0870134
161,Lower_Laguna_Madre,5,71,0.224,-0.2666,0.13,0.3966,1,0.0940134
162,Lower_Laguna_Madre,5,72,0.221,-0.2666,0.13,0.3966,1,0.0910134
163,Lower_Laguna_Madre,5,73,0.241,-0.2666,0.13,0.3966,1,0.111013
164,Lower_Laguna_Madre,5,74,0.225,-0.2666,0.13,0.3966,1,0.0950134
165,Lower_Laguna_Madre,5,75,0.241,-0.2666,0.13,0.3966,1,0.111013
166,Lower_Laguna_Madre,5,76,0.233,-0.2666,0.13,0.3966,1,0.103013
167,Lower_Laguna_Madre,6,77,0.059,-0.1314,0.0969,0.2283,0,-0.0378749
168,Lower_Laguna_Madre,6,78,0.146,-0.1314,0.0969,0.2283,0,0.0491251
169,Lower_Laguna_Madre,6,79,0.287,-0.1314,0.0969,0.2283,1,0.190125
170,Lower_Laguna_Madre,6,80,0.298,-0.1314,0.0969,0.2283,1,0.201125
171,Lower_Laguna_Madre,6,81,0.248,-0.1314,0.0969,0.2283,1,0.151125
172,Lower_Laguna_Madre,6,82,0.227,-0.1314,0.0969,0.2283,1,0.130125
173,Lower_Laguna_Madre,6,83,0.217,-0.1314,0.0969,0.2283,1,0.120125
174,Lower_Laguna_Madre,6,84,0.222,-0.1314,0.0969,0.2283,1,0.125125
175,Lower_Laguna_Madre,6,85,0.219,-0.1314,0.097,0.2284,1,0.122011
176,Lower_Laguna_Madre,6,86,0.314,-0.1314,0.097,0.2284,1,0.217011
177,Lower_Laguna_Madre,6,87,0.389,-0.1314,0.097,0.2284,0,0.292011
178,Lower_Laguna_Madre,6,88,0.404,-0.1314,0.097,0.2284,0,0.307011
179,Lower_Laguna_Madre,6,89,0.463,-0.1314,0.097,0.2284,0,0.366011
180,Lower_Laguna_Madre,6,90,0.58,-0.1314,0.097,0.2284,0,0.483011
181,Lower_Laguna_Madre,6,91,0.62,-0.1314,0.097,0.2284,0,0.523011
182,Lower_Laguna_Madre,6,92,0.721,-0.1314,0.097,0.2284,0,0.624011
183,Lower_Laguna_Madre,7,93,-0.113,-0.1161,0.0906,0.2067,0,-0.203605
184,Lower_Laguna_Madre,7,94,0.106,-0.1161,0.0906,0.2067,0,0.0153949
185,Lower_Laguna_Madre,7,95,0.122,-0.1161,0.0906,0.2067,1,0.0313949
186,Lower_Laguna_Madre,7,96,0.13,-0.1161,0.0906,0.2067,1,0.0393949
187,Lower_Laguna_Madre,7,97,0.119,-0.1161,0.0906,0.2067,1,0.0283949
188,Lower_Laguna_Madre,7,98,0.098,-0.1161,0.0906,0.2067,1,0.00739488
189,Lower_Laguna_Madre,7,99,0.126,-0.1161,0.0907,0.2068,1,0.0353189
190,Lower_Laguna_Madre,7,100,0.113,-0.1161,0.0907,0.2068,1,0.0223189
191,Lower_Laguna_Madre,7,101,0.162,-0.1168,0.0907,0.2074,1,0.0713189
192,Lower_Laguna_Madre,7,102,0.209,-0.1168,0.0907,0.2074,1,0.118319
193,Lower_Laguna_Madre,7,103,0.237,-0.1168,0.0907,0.2074,1,0.146319
194,Lower_Laguna_Madre,7,104,0.371,-0.1168,0.0907,0.2074,1,0.280319
195,Lower_Laguna_Madre,7,105,0.626,-0.1168,0.0907,0.2074,0,0.535319
196,Lower_Laguna_Madre,7,106,0.591,-0.1168,0.0907,0.2074,0,0.500319
197,Lower_Laguna_Madre,7,107,0.674,-0.1168,0.0907,0.2074,0,0.583319
198,Mission-Aransas_Bay,1,1,-0.004,0.0814,0.2878,0.2065,0,-0.291833
199,Mission-Aransas_Bay,1,2,0.037,0.0814,0.2878,0.2065,0,-0.250833
200,Mission-Aransas_Bay,1,3,0.085,0.0814,0.2878,0.2065,0,-0.202833
201,Mission-Aransas_Bay,1,4,0.148,0.0814,0.2878,0.2065,1,-0.139833
202,Mission-Aransas_Bay,1,5,0.224,0.0814,0.2878,0.2065,1,-0.0638327
203,Mission-Aransas_Bay,1,6,0.333,0.0814,0.2878,0.2065,1,0.0451673
204,Mission-Aransas_Bay,1,7,0.358,0.0814,0.2878,0.2065,1,0.0701673
205,Mission-Aransas_Bay,1,8,0.398,0.0814,0.2878,0.2065,1,0.110167
206,Mission-Aransas_Bay,1,9,0.388,0.0814,0.2878,0.2065,1,0.100167
207,Mission-Aransas_Bay,1,10,0.376,0.0814,0.2878,0.2065,1,0.0881673
208,Mission-Aransas_Bay,1,11,0.362,0.0814,0.2878,0.2065,1,0.0741673
209,Mission-Aransas_Bay,1,12,0.331,0.0814,0.2878,0.2065,1,0.0431673
210,Mission-Aransas_Bay,1,13,0.273,0.0814,0.2878,0.2065,1,-0.0148327
211,Mission-Aransas_Bay,1,14,0.272,0.0814,0.2878,0.2065,1,-0.0158327
212,Mission-Aransas_Bay,2,15,-0.041,-0.043,0.283,0.326,0,-0.323988
213,Mission-Aransas_Bay,2,16,0.14,-0.043,0.2775,0.3205,0,-0.137478
214,Mission-Aransas_Bay,2,17,0.358,-0.043,0.2775,0.3205,1,0.0805223
215,Mission-Aransas_Bay,2,18,0.465,-0.043,0.2775,0.3205,1,0.187522
216,Mission-Aransas_Bay,2,19,0.318,-0.043,0.2775,0.3205,1,0.0405223
217,Mission-Aransas_Bay,2,20,0.291,-0.043,0.2775,0.3205,1,0.0135223
218,Mission-Aransas_Bay,2,21,0.307,-0.043,0.2775,0.3205,1,0.0295223
219,Mission-Aransas_Bay,2,22,0.263,-0.043,0.2775,0.3205,1,-0.0144777
220,Mission-Aransas_Bay,3,23,-0.086,-0.0286,0.2705,0.2991,0,-0.356532
221,Mission-Aransas_Bay,3,24,0.024,-0.0286,0.2705,0.2991,0,-0.246532
222,Mission-Aransas_Bay,3,25,0.263,-0.0286,0.2705,0.2991,1,-0.00753157
223,Mission-Aransas_Bay,3,26,0.237,-0.0286,0.273,0.3016,1,-0.0360076
224,Mission-Aransas_Bay,3,27,0.22,-0.0286,0.273,0.3016,1,-0.0530076
225,Mission-Aransas_Bay,4,28,-0.104,-0.0016,0.2829,0.2845,0,-0.386879
226,Mission-Aransas_Bay,4,29,0.079,-0.0016,0.2829,0.2845,0,-0.203879
227,Mission-Aransas_Bay,4,30,0.302,-0.0016,0.2829,0.2845,1,0.0191206
228,Mission-Aransas_Bay,4,31,0.207,-0.0016,0.2829,0.2845,1,-0.0758794
229,Mission-Aransas_Bay,4,32,0.208,-0.0016,0.2829,0.2845,1,-0.0748794
230,Mission-Aransas_Bay,5,33,0.11,0.0836,0.249,0.1654,0,-0.138987
231,Mission-Aransas_Bay,5,34,0.166,0.0836,0.249,0.1654,0,-0.0829869
232,Mission-Aransas_Bay,5,35,0.375,0.0836,0.249,0.1654,1,0.126013
233,Mission-Aransas_Bay,5,36,0.27,0.0836,0.249,0.1654,1,0.0210131
234,Mission-Aransas_Bay,5,37,0.293,0.0836,0.249,0.1654,1,0.0440131
235,Mission-Aransas_Bay,5,38,0.194,0.0836,0.249,0.1654,0,-0.0549869
236,Mission-Aransas_Bay,5,39,0.065,0.0836,0.249,0.1654,0,-0.183987
237,Mission-Aransas_Bay,6,40,0.053,0.2032,0.3714,0.1682,0,-0.31836
238,Mission-Aransas_Bay,6,41,0.153,0.2032,0.3714,0.1682,0,-0.21836
239,Mission-Aransas_Bay,6,42,0.295,0.2032,0.3714,0.1682,1,-0.0763604
240,Mission-Aransas_Bay,6,43,0.322,0.2032,0.3714,0.1682,1,-0.0493604
241,Mission-Aransas_Bay,6,44,0.414,0.2032,0.3714,0.1682,1,0.0426396
242,Mission-Aransas_Bay,6,45,0.48,0.2032,0.3714,0.1682,1,0.10864
243,Mission-Aransas_Bay,6,46,0.44,0.2032,0.3714,0.1682,1,0.0686396
244,Mission-Aransas_Bay,6,47,0.391,0.2032,0.3714,0.1682,1,0.0196396
245,Mission-Aransas_Bay,6,48,0.37,0.2032,0.3714,0.1682,1,-0.00136042
246,Mission-Aransas_Bay,6,49,0.363,0.2032,0.3714,0.1682,1,-0.00836042
247,Mission-Aransas_Bay,6,50,0.328,0.2032,0.3714,0.1682,1,-0.0433604
248,Mission-Aransas_Bay,6,51,0.366,0.2032,0.3714,0.1682,1,-0.00536042
249,Mission-Aransas_Bay,6,52,0.393,0.2032,0.3714,0.1682,1,0.0216396
250,Mission-Aransas_Bay,6,53,0.454,0.2032,0.3714,0.1682,1,0.0826396
251,Mission-Aransas_Bay,6,54,0.455,0.2032,0.3714,0.1682,1,0.0836396
252,Mission-Aransas_Bay,6,55,0.507,0.2032,0.3714,0.1682,1,0.13564
253,Mission-Aransas_Bay,6,56,0.494,0.2032,0.3714,0.1682,1,0.12264
254,Mission-Aransas_Bay,6,57,0.514,0.2032,0.3714,0.1682,1,0.14264
255,Mission-Aransas_Bay,6,58,0.512,0.2032,0.3714,0.1682,1,0.14064
256,Mission-Aransas_Bay,6,59,0.587,0.2032,0.3714,0.1682,1,0.21564
257,Mission-Aransas_Bay,6,60,0.61,0.2032,0.3714,0.1682,0,0.23864
258,Mission-Aransas_Bay,6,61,0.685,0.2032,0.3714,0.1682,0,0.31364
259,Mission-Aransas_Bay,6,62,0.71,0.2032,0.3714,0.1682,0,0.33864
260,Mission-Aransas_Bay,6,63,0.761,0.2032,0.3714,0.1682,0,0.38964
261,Mission-Aransas_Bay,6,64,0.912,0.2032,0.3714,0.1682,0,0.54064
262,Mission-Aransas_Bay,6,65,1.181,0.2032,0.3714,0.1682,0,0.80964
263,Mission-Aransas_Bay,7,66,0.157,0.2032,0.3714,0.1683,0,-0.214437
264,Mission-Aransas_Bay,7,67,0.483,0.2032,0.3714,0.1683,0,0.111563
265,Mission-Aransas_Bay,7,68,0.51,0.2032,0.3714,0.1683,1,0.138563
266,Mission-Aransas_Bay,7,69,0.487,0.2032,0.3714,0.1683,1,0.115563
267,Mission-Aransas_Bay,7,70,0.468,0.2032,0.3714,0.1683,1,0.0965635
268,Mission-Aransas_Bay,7,71,0.611,0.2032,0.3714,0.1683,1,0.239563
269,Mission-Aransas_Bay,7,72,0.571,0.2032,0.3714,0.1683,1,0.199563
270,Mission-Aransas_Bay,7,73,0.634,0.2032,0.3714,0.1683,1,0.262563
271,Mission-Aransas_Bay,7,74,0.687,0.2032,0.3714,0.1683,1,0.315563
272,Mission-Aransas_Bay,7,75,0.687,0.2032,0.3714,0.1683,1,0.315563
273,Mission-Aransas_Bay,7,76,0.698,0.2032,0.3713,0.1682,0,0.326687
274,Mission-Aransas_Bay,7,77,0.74,0.2032,0.3713,0.1682,0,0.368687
275,Mission-Aransas_Bay,7,78,1.086,0.2032,0.3713,0.1682,0,0.714687
276,Mission-Aransas_Bay,8,79,0.164,0.2032,0.3714,0.1683,0,-0.207437
277,Mission-Aransas_Bay,8,80,0.42,0.2032,0.3714,0.1683,0,0.0485635
278,Mission-Aransas_Bay,8,81,0.577,0.2032,0.3714,0.1683,1,0.205563
279,Mission-Aransas_Bay,8,82,0.475,0.2032,0.3714,0.1683,1,0.103563
280,Mission-Aransas_Bay,8,83,0.521,0.2031,0.3714,0.1683,1,0.149563
281,Mission-Aransas_Bay,8,84,0.392,0.2031,0.3714,0.1683,1,0.0205635
282,Mission-Aransas_Bay,8,85,0.393,0.2031,0.3714,0.1683,1,0.0215635
283,Mission-Aransas_Bay,8,86,0.352,0.2031,0.3714,0.1683,1,-0.0193871
284,Mission-Aransas_Bay,8,87,0.352,0.2031,0.3714,0.1683,1,-0.0193871
285,San_Antonio_Bay,1,1,0.319,0.1392,0.2573,0.1181,0,0.0617308
286,San_Antonio_Bay,1,2,0.34,0.1392,0.2573,0.1181,0,0.0827308
287,San_Antonio_Bay,1,3,0.414,0.1392,0.2573,0.1181,1,0.156731
288,San_Antonio_Bay,1,4,0.45,0.1392,0.2573,0.1181,1,0.192731
289,San_Antonio_Bay,1,5,0.478,0.1392,0.2573,0.1181,1,0.220731
290,San_Antonio_Bay,1,6,0.51,0.1392,0.2573,0.1181,1,0.252731
291,San_Antonio_Bay,1,7,0.611,0.1392,0.2573,0.1181,1,0.353731
292,San_Antonio_Bay,1,8,0.554,0.1392,0.2573,0.1181,1,0.296731
293,San_Antonio_Bay,1,9,0.57,0.1392,0.2573,0.1181,1,0.312731
294,San_Antonio_Bay,1,10,0.754,0.1392,0.2573,0.1181,1,0.496731
295,San_Antonio_Bay,1,11,0.586,0.1392,0.2573,0.1181,1,0.328731
296,San_Antonio_Bay,1,12,0.571,0.1392,0.2573,0.1181,1,0.313731
297,San_Antonio_Bay,1,13,0.455,0.1392,0.2573,0.1181,1,0.197731
298,San_Antonio_Bay,1,14,0.44,0.1392,0.2573,0.118,1,0.182731
299,San_Antonio_Bay,1,15,0.544,0.1392,0.2579,0.1186,1,0.286142
300,San_Antonio_Bay,1,16,0.58,0.1392,0.2579,0.1186,1,0.322142
301,San_Antonio_Bay,1,17,0.762,0.1392,0.2579,0.1186,0,0.504142
302,San_Antonio_Bay,1,18,0.774,0.1392,0.2579,0.1186,0,0.516142
303,San_Antonio_Bay,1,19,0.803,0.1392,0.2579,0.1186,0,0.545142
304,San_Antonio_Bay,1,20,0.962,0.1392,0.2579,0.1186,0,0.704142
305,San_Antonio_Bay,1,21,0.945,0.1392,0.2579,0.1186,0,0.687142
306,San_Antonio_Bay,1,22,1.093,0.1392,0.2579,0.1186,0,0.835142
307,San_Antonio_Bay,2,23,0.12,0.1653,0.2678,0.1025,0,-0.147811
308,San_Antonio_Bay,2,24,0.118,0.1653,0.2678,0.1025,0,-0.149811
309,San_Antonio_Bay,2,25,0.504,0.1653,0.2678,0.1025,1,0.236189
310,San_Antonio_Bay,2,26,0.498,0.1653,0.2678,0.1025,1,0.230189
311,San_Antonio_Bay,2,27,0.527,0.1653,0.2678,0.1025,1,0.259189
312,San_Antonio_Bay,2,28,0.578,0.1653,0.2678,0.1025,1,0.310189
313,San_Antonio_Bay,2,29,0.554,0.1653,0.2678,0.1025,1,0.286189
314,San_Antonio_Bay,2,30,0.499,0.1653,0.2678,0.1025,1,0.231189
315,San_Antonio_Bay,3,31,0.058,0.1679,0.2692,0.1013,0,-0.211233
316,San_Antonio_Bay,3,32,0.091,0.1679,0.2692,0.1013,0,-0.178233
317,San_Antonio_Bay,3,33,0.187,0.1679,0.2692,0.1013,1,-0.0822327
318,San_Antonio_Bay,3,34,0.441,0.1679,0.2692,0.1013,1,0.171767
319,San_Antonio_Bay,3,35,0.491,0.1679,0.2692,0.1013,1,0.221767
320,San_Antonio_Bay,3,36,0.614,0.1679,0.2692,0.1013,1,0.344767
321,San_Antonio_Bay,3,37,0.458,0.1679,0.2692,0.1013,1,0.188767
322,San_Antonio_Bay,3,38,0.412,0.1672,0.2692,0.102,1,0.142767
323,San_Antonio_Bay,4,39,0.55,0.0982,0.224,0.1258,0,0.325988
324,San_Antonio_Bay,4,40,0.507,0.0982,0.224,0.1258,0,0.282988
325,San_Antonio_Bay,4,41,0.575,0.0982,0.224,0.1258,1,0.350988
326,San_Antonio_Bay,4,42,0.736,0.0982,0.224,0.1258,1,0.511988
327,San_Antonio_Bay,4,43,0.727,0.0982,0.2242,0.126,1,0.50284
328,San_Antonio_Bay,4,44,0.759,0.0982,0.2242,0.126,1,0.53484
329,San_Antonio_Bay,4,45,0.738,0.0982,0.2242,0.126,1,0.51384
330,San_Antonio_Bay,4,46,0.755,0.0981,0.2242,0.1261,0,0.53084
331,San_Antonio_Bay,4,47,0.78,0.0981,0.2242,0.1261,0,0.55584
332,San_Antonio_Bay,4,48,0.753,0.0981,0.2242,0.1261,0,0.52884
333,San_Antonio_Bay,4,49,0.773,0.0981,0.2242,0.1261,0,0.54884
334,San_Antonio_Bay,4,50,0.821,0.0981,0.2242,0.1261,0,0.59684
335,San_Antonio_Bay,4,51,0.96,0.0981,0.2242,0.1261,0,0.73584
336,San_Antonio_Bay,4,52,0.881,0.0981,0.2242,0.1261,0,0.65684
337,San_Antonio_Bay,4,53,0.883,0.0981,0.2242,0.1261,0,0.65884
338,San_Antonio_Bay,4,54,0.763,0.0981,0.2242,0.1261,1,0.53884
339,San_Antonio_Bay,4,55,0.782,0.0981,0.2242,0.1261,1,0.55784
340,San_Antonio_Bay,4,56,0.717,0.0981,0.2242,0.1261,0,0.49284
341,San_Antonio_Bay,4,57,0.716,0.0981,0.2242,0.1261,0,0.49184
342,San_Antonio_Bay,4,58,0.669,0.0981,0.2242,0.1261,0,0.44484
343,San_Antonio_Bay,4,59,0.621,0.0981,0.2242,0.1261,0,0.39684
344,San_Antonio_Bay,4,60,0.608,0.0981,0.2242,0.1261,1,0.38384
345,San_Antonio_Bay,4,61,0.607,0.0981,0.2242,0.1261,1,0.38284
346,San_Antonio_Bay,4,62,0.592,0.0981,0.2242,0.1261,1,0.36784
347,San_Antonio_Bay,5,63,0.396,0.0978,0.2224,0.1247,0,0.173553
348,San_Antonio_Bay,5,64,0.327,0.0978,0.2224,0.1247,0,0.104553
349,San_Antonio_Bay,5,65,0.393,0.0978,0.2224,0.1247,1,0.170553
350,San_Antonio_Bay,5,66,0.749,0.0978,0.2224,0.1247,1,0.526553
351,San_Antonio_Bay,5,67,0.808,0.0978,0.2224,0.1247,1,0.585553
352,San_Antonio_Bay,5,68,0.787,0.0978,0.2224,0.1247,0,0.564553
353,San_Antonio_Bay,5,69,0.782,0.0978,0.2224,0.1247,0,0.559553
354,San_Antonio_Bay,5,70,0.806,0.0978,0.2224,0.1247,0,0.583553
355,San_Antonio_Bay,5,71,0.851,0.0978,0.2224,0.1247,0,0.628553
356,San_Antonio_Bay,5,72,0.762,0.0978,0.2224,0.1247,1,0.539553
357,San_Antonio_Bay,5,73,0.672,0.0978,0.2224,0.1247,1,0.449553
358,San_Antonio_Bay,5,74,0.676,0.0978,0.2224,0.1247,0,0.453553
359,San_Antonio_Bay,5,75,0.689,0.0978,0.2224,0.1247,0,0.466553
360,San_Antonio_Bay,5,76,0.599,0.0978,0.2224,0.1247,1,0.376553
361,San_Antonio_Bay,5,77,0.595,0.0976,0.2224,0.1249,1,0.372553
362,San_Antonio_Bay,5,78,0.539,0.0976,0.2224,0.1249,1,0.316553
363,San_Antonio_Bay,5,79,0.549,0.0976,0.2224,0.1249,1,0.326553
364,San_Antonio_Bay,5,80,0.526,0.0976,0.2224,0.1249,1,0.303553
365,San_Antonio_Bay,6,81,0.029,0.019,0.2023,0.1833,0,-0.173299
366,San_Antonio_Bay,6,82,0.219,0.019,0.2023,0.1833,0,0.0167012
367,San_Antonio_Bay,6,83,0.291,0.019,0.2023,0.1833,1,0.0887012
368,San_Antonio_Bay,6,84,0.304,0.019,0.2023,0.1833,1,0.101701
369,San_Antonio_Bay,6,85,0.416,0.019,0.2023,0.1833,1,0.213701
370,San_Antonio_Bay,6,86,0.401,0.019,0.2023,0.1833,1,0.198701
371,San_Antonio_Bay,6,87,0.383,0.019,0.2023,0.1833,1,0.180701
372,San_Antonio_Bay,6,88,0.464,0.014,0.2023,0.1883,1,0.261701
373,San_Antonio_Bay,7,89,-0.138,0.0834,0.2376,0.1542,0,-0.375587
374,San_Antonio_Bay,7,90,-0.105,0.0834,0.2376,0.1542,0,-0.342587
375,San_Antonio_Bay,7,91,-0.02,0.0834,0.2376,0.1542,0,-0.257587
376,San_Antonio_Bay,7,92,0.017,0.0834,0.2376,0.1542,0,-0.220587
377,San_Antonio_Bay,7,93,0.044,0.0834,0.2376,0.1542,0,-0.193587
378,San_Antonio_Bay,7,94,0.035,0.0834,0.2376,0.1542,0,-0.202587
379,San_Antonio_Bay,7,95,0.062,0.0834,0.2376,0.1542,0,-0.175587
380,San_Antonio_Bay,7,96,0.269,0.0834,0.2376,0.1542,0,0.0314134
381,San_Antonio_Bay,7,97,0.343,0.0834,0.2376,0.1542,1,0.105413
382,San_Antonio_Bay,7,98,0.271,0.0834,0.2376,0.1542,1,0.0334134
383,San_Antonio_Bay,7,99,0.311,0.0834,0.2341,0.1507,1,0.0769004
384,San_Antonio_Bay,8,100,-0.033,0.0564,0.1899,0.1335,0,-0.222917
385,San_Antonio_Bay,8,101,0.008,0.0564,0.1899,0.1335,0,-0.181917
386,San_Antonio_Bay,8,102,0.104,0.0564,0.1899,0.1335,1,-0.0859172
387,San_Antonio_Bay,8,103,0.217,0.0564,0.1899,0.1335,1,0.0270828
388,San_Antonio_Bay,8,104,0.3,0.0564,0.1899,0.1335,1,0.110083
389,San_Antonio_Bay,8,105,0.338,0.0564,0.1899,0.1335,1,0.148083
390,San_Antonio_Bay,8,106,0.329,0.0564,0.1899,0.1335,1,0.139083
391,San_Antonio_Bay,8,107,0.303,0.0564,0.1899,0.1335,1,0.113083
392,San_Antonio_Bay,8,108,0.283,0.0564,0.1899,0.1335,1,0.0930828
393,San_Antonio_Bay,8,109,0.299,0.0564,0.1899,0.1335,1,0.109083
394,San_Antonio_Bay,8,110,0.276,0.0564,0.1899,0.1335,1,0.0860828
395,Upper_Laguna_Madre,1,1,-0.02,-0.1595,0.0084,0.1679,0,-0.0283737
396,Upper_Laguna_Madre,1,2,0.004,-0.1595,0.0084,0.1679,0,-0.00437365
397,Upper_Laguna_Madre,1,3,0.099,-0.1595,0.0084,0.1679,1,0.0906264
398,Upper_Laguna_Madre,1,4,0.439,-0.1595,0.0084,0.1679,1,0.430626
399,Upper_Laguna_Madre,1,5,0.804,-0.1595,0.0084,0.1679,0,0.795626
400,Upper_Laguna_Madre,1,6,0.729,-0.1595,0.0084,0.1679,0,0.720626
401,Upper_Laguna_Madre,1,7,0.773,-0.1595,0.0084,0.1679,0,0.764626
402,Upper_Laguna_Madre,1,8,0.848,-0.1595,0.0084,0.1679,0,0.839626
403,Upper_Laguna_Madre,1,9,0.933,-0.1595,0.0084,0.1679,0,0.924626
404,Upper_Laguna_Madre,1,10,0.809,-0.1595,0.0084,0.1679,0,0.800626
405,Upper_Laguna_Madre,1,11,0.768,-0.1595,0.0084,0.1679,0,0.759626
406,Upper_Laguna_Madre,1,12,0.575,-0.1595,0.0084,0.1679,0,0.566626
407,Upper_Laguna_Madre,1,13,0.63,-0.1595,0.0084,0.1679,0,0.621626
408,Upper_Laguna_Madre,1,14,0.591,-0.1595,0.0084,0.1679,0,0.582626
409,Upper_Laguna_Madre,1,15,0.501,-0.1595,0.0084,0.1679,0,0.492626
410,Upper_Laguna_Madre,1,16,0.514,-0.1595,0.0084,0.1679,0,0.505626
411,Upper_Laguna_Madre,1,17,0.362,-0.1595,0.0084,0.1679,0,0.353626
412,Upper_Laguna_Madre,1,18,0.326,-0.1595,0.0084,0.1679,1,0.317626
413,Upper_Laguna_Madre,1,19,0.422,-0.1595,0.0084,0.1679,1,0.413626
414,Upper_Laguna_Madre,1,20,0.43,-0.1595,0.0084,0.1679,1,0.421626
415,Upper_Laguna_Madre,1,21,0.441,-0.1595,0.0084,0.1679,1,0.432626
416,Upper_Laguna_Madre,1,22,0.559,-0.1595,0.0084,0.1679,0,0.550626
417,Upper_Laguna_Madre,1,23,0.571,-0.1595,0.0084,0.1679,0,0.562626
418,Upper_Laguna_Madre,1,24,0.532,-0.1595,0.0084,0.1679,0,0.523626
419,Upper_Laguna_Madre,1,25,0.538,-0.1595,0.0084,0.1679,0,0.529626
420,Upper_Laguna_Madre,1,26,0.711,-0.1595,0.0084,0.1679,0,0.702626
421,Upper_Laguna_Madre,1,27,0.564,-0.1595,0.0219,0.1814,0,0.542093
422,Upper_Laguna_Madre,1,28,0.562,-0.1595,0.0219,0.1814,0,0.540093
423,Upper_Laguna_Madre,2,29,-0.087,0.0255,0.24,0.2144,0,-0.326976
424,Upper_Laguna_Madre,2,30,0.087,0.0255,0.24,0.2144,1,-0.152976
425,Upper_Laguna_Madre,2,31,0.274,0.0255,0.24,0.2144,1,0.0340244
426,Upper_Laguna_Madre,2,32,0.276,0.0255,0.24,0.2144,1,0.0360244
427,Upper_Laguna_Madre,2,33,0.276,0.0255,0.24,0.2144,1,0.0360244
428,Upper_Laguna_Madre,2,34,0.265,0.0206,0.24,0.2194,1,0.0250244
429,Upper_Laguna_Madre,2,35,0.269,0.0206,0.24,0.2194,1,0.0290244
430,Upper_Laguna_Madre,2,36,0.362,0.0206,0.24,0.2194,1,0.122024
431,Upper_Laguna_Madre,2,37,0.395,0.0206,0.24,0.2194,1,0.155024
432,Upper_Laguna_Madre,2,38,0.433,0.0206,0.24,0.2194,1,0.193024
433,Upper_Laguna_Madre,2,39,0.461,0.0206,0.24,0.2194,1,0.221024
434,Upper_Laguna_Madre,2,40,0.469,0.0206,0.24,0.2194,1,0.229024
435,Upper_Laguna_Madre,2,41,0.411,0.0206,0.24,0.2194,1,0.171024
436,Upper_Laguna_Madre,2,42,0.435,0.0206,0.24,0.2194,1,0.195024
437,Upper_Laguna_Madre,3,43,-0.09,0.0206,0.2443,0.2237,0,-0.334274
438,Upper_Laguna_Madre,3,44,0.16,0.0206,0.2443,0.2237,0,-0.084274
439,Upper_Laguna_Madre,3,45,0.207,0.0206,0.2443,0.2237,1,-0.037274
440,Upper_Laguna_Madre,3,46,0.209,0.0206,0.2443,0.2237,1,-0.035274
441,Upper_Laguna_Madre,3,47,0.238,0.0206,0.2443,0.2237,1,-0.00627399
442,Upper_Laguna_Madre,3,48,0.259,0.0206,0.2443,0.2237,1,0.014726
443,Upper_Laguna_Madre,3,49,0.29,0.0206,0.2443,0.2237,1,0.045726
444,Upper_Laguna_Madre,3,50,0.298,0.0206,0.2443,0.2237,1,0.053726
445,Upper_Laguna_Madre,3,51,0.278,0.0206,0.2443,0.2237,1,0.033726
446,Upper_Laguna_Madre,3,52,0.278,0.0206,0.2443,0.2237,1,0.033726
447,Upper_Laguna_Madre,3,53,0.353,0.0206,0.2443,0.2237,1,0.108726
448,Upper_Laguna_Madre,3,54,0.453,0.0206,0.2443,0.2237,1,0.208726
449,Upper_Laguna_Madre,4,55,0.116,-0.1603,0.0271,0.1874,0,0.0889292
450,Upper_Laguna_Madre,4,56,0.155,-0.1603,0.0271,0.1874,0,0.127929
451,Upper_Laguna_Madre,4,57,0.205,-0.1603,0.0271,0.1874,1,0.177929
452,Upper_Laguna_Madre,4,58,0.435,-0.1603,0.0271,0.1874,1,0.407929
453,Upper_Laguna_Madre,4,59,0.546,-0.1603,0.0271,0.1874,0,0.518929
454,Upper_Laguna_Madre,4,60,0.347,-0.1603,0.0271,0.1874,1,0.319929
455,Upper_Laguna_Madre,4,61,0.162,-0.1603,0.0271,0.1874,1,0.134929
456,Upper_Laguna_Madre,4,62,0.129,-0.1603,0.0271,0.1874,1,0.101929
457,Upper_Laguna_Madre,4,63,0.088,-0.1603,0.0271,0.1874,0,0.0609292
458,Upper_Laguna_Madre,4,64,0.049,-0.1603,0.0271,0.1874,0,0.0219292
459,Upper_Laguna_Madre,4,65,0.05,-0.1603,0.0271,0.1874,0,0.0229329
460,Upper_Laguna_Madre,4,66,0.052,-0.1602,0.0271,0.1873,0,0.0249329
461,Upper_Laguna_Madre,4,67,0.126,-0.1602,0.0271,0.1873,1,0.0989329
462,Upper_Laguna_Madre,4,68,0.143,-0.1602,0.0271,0.1873,1,0.115933
463,Upper_Laguna_Madre,4,69,0.187,-0.1602,0.0271,0.1873,1,0.159933
464,Upper_Laguna_Madre,4,70,0.309,-0.1603,0.027,0.1873,1,0.281969
465,Upper_Laguna_Madre,4,71,0.325,-0.1602,0.027,0.1872,1,0.297969
466,Upper_Laguna_Madre,4,72,0.334,-0.1602,0.027,0.1872,1,0.306969
467,Upper_Laguna_Madre,4,73,0.321,-0.1602,0.027,0.1872,1,0.293969
468,Upper_Laguna_Madre,4,74,0.526,-0.1602,0.027,0.1872,1,0.498969
469,Upper_Laguna_Madre,4,75,0.639,-0.1602,0.027,0.1872,0,0.611969
470,Upper_Laguna_Madre,4,76,0.687,-0.1602,0.027,0.1872,0,0.659969
471,Upper_Laguna_Madre,4,77,0.924,-0.1602,0.027,0.1872,0,0.896969
472,Upper_Laguna_Madre,4,78,0.864,-0.1602,0.027,0.1872,0,0.836969
473,Upper_Laguna_Madre,5,79,-0.011,-0.1608,0.0268,0.1876,0,-0.0377846
474,Upper_Laguna_Madre,5,80,0.106,-0.1608,0.0268,0.1876,0,0.0792154
475,Upper_Laguna_Madre,5,81,0.243,-0.1608,0.0268,0.1876,1,0.216215
476,Upper_Laguna_Madre,5,82,0.363,-0.1608,0.0268,0.1876,1,0.336215
477,Upper_Laguna_Madre,5,83,0.485,-0.1608,0.0268,0.1876,0,0.458215
478,Upper_Laguna_Madre,5,84,0.574,-0.1608,0.0268,0.1876,0,0.547215
479,Upper_Laguna_Madre,5,85,0.445,-0.1608,0.0268,0.1876,0,0.418215
480,Upper_Laguna_Madre,5,86,0.374,-0.1608,0.0268,0.1876,0,0.347215
481,Upper_Laguna_Madre,5,87,0.293,-0.1608,0.0268,0.1876,1,0.266215
482,Upper_Laguna_Madre,5,88,0.286,-0.1608,0.0268,0.1876,1,0.259215
483,Upper_Laguna_Madre,5,89,0.291,-0.1608,0.0267,0.1875,1,0.264293
484,Upper_Laguna_Madre,6,90,0.048,-0.1631,-0.0316,0.1316,0,0.0795657
485,Upper_Laguna_Madre,6,91,0.079,-0.1631,-0.0316,0.1316,0,0.110566
486,Upper_Laguna_Madre,6,92,0.139,-0.1631,-0.0316,0.1316,1,0.170566
487,Upper_Laguna_Madre,6,93,0.398,-0.1631,-0.0316,0.1316,1,0.429566
488,Upper_Laguna_Madre,6,94,0.419,-0.1631,-0.0316,0.1316,1,0.450566
489,Upper_Laguna_Madre,6,95,0.327,-0.1631,-0.0316,0.1316,1,0.358566
490,Upper_Laguna_Madre,6,96,0.433,-0.1631,-0.0316,0.1316,1,0.464566
491,Upper_Laguna_Madre,6,97,0.375,-0.1631,-0.0316,0.1316,1,0.406566
492,Upper_Laguna_Madre,6,98,0.337,-0.1631,-0.0316,0.1316,1,0.368566
493,Upper_Laguna_Madre,6,99,0.345,-0.1631,-0.0316,0.1316,1,0.376566
494,Upper_Laguna_Madre,6,100,0.428,-0.1631,-0.0316,0.1316,1,0.459566
495,Upper_Laguna_Madre,6,101,0.435,-0.1631,-0.0316,0.1316,0,0.466566
496,Upper_Laguna_Madre,6,102,0.524,-0.1631,-0.0146,0.1486,0,0.53857
497,Upper_Laguna_Madre,6,103,0.446,-0.1631,-0.0146,0.1486,0,0.46057
498,Upper_Laguna_Madre,6,104,0.453,-0.1631,-0.0146,0.1486,0,0.46757
499,Upper_Laguna_Madre,6,105,0.461,-0.1631,-0.0146,0.1486,0,0.47557
500,Upper_Laguna_Madre,6,106,0.479,-0.1631,-0.0146,0.1486,0,0.49357
501,Upper_Laguna_Madre,6,107,0.452,-0.1631,-0.0146,0.1486,0,0.46657
502,Upper_Laguna_Madre,6,108,0.462,-0.1631,-0.0146,0.1486,0,0.47657
503,Upper_Laguna_Madre,6,109,0.526,-0.1631,-0.0146,0.1485,0,0.54057
504,Upper_Laguna_Madre,6,110,0.539,-0.1631,-0.0146,0.1485,0,0.55357
505,Upper_Laguna_Madre,6,111,0.774,-0.1631,-0.0113,0.1518,0,0.785286
506,Upper_Laguna_Madre,7,112,0.048,-0.1686,-0.0262,0.1424,0,0.0742155
507,Upper_Laguna_Madre,7,113,0.115,-0.1686,-0.0262,0.1424,0,0.141216
508,Upper_Laguna_Madre,7,114,0.213,-0.1686,-0.0262,0.1424,1,0.239216
509,Upper_Laguna_Madre,7,115,0.524,-0.1686,-0.0262,0.1424,1,0.550216
510,Upper_Laguna_Madre,7,116,0.824,-0.1686,-0.0262,0.1424,0,0.850216
511,Upper_Laguna_Madre,7,117,0.801,-0.1686,-0.0262,0.1424,0,0.827216
512,Upper_Laguna_Madre,7,118,0.827,-0.1686,-0.0262,0.1424,0,0.853216
513,Upper_Laguna_Madre,7,119,0.612,-0.1686,-0.0262,0.1424,0,0.638216
514,Upper_Laguna_Madre,7,120,0.444,-0.1686,-0.0262,0.1424,1,0.470216
515,Upper_Laguna_Madre,7,121,0.319,-0.1686,-0.0262,0.1424,1,0.345216
516,Upper_Laguna_Madre,7,122,0.195,-0.1686,-0.0262,0.1424,1,0.221216
517,Galveston_Bay,1,1,-0.168,0.047,0.2678,0.2208,0,-0.435815
518,Galveston_Bay,1,2,-0.135,0.047,0.2678,0.2208,0,-0.402815
519,Galveston_Bay,1,3,0.036,0.047,0.2678,0.2208,1,-0.231815
520,Galveston_Bay,1,4,0.151,0.047,0.2678,0.2208,1,-0.116815
521,Galveston_Bay,1,5,0.122,0.047,0.2678,0.2208,1,-0.145815
522,Galveston_Bay,1,6,0.237,0.047,0.2678,0.2208,1,-0.0308147
523,Galveston_Bay,1,7,0.296,0.047,0.2678,0.2208,1,0.0281853
524,Galveston_Bay,1,8,0.413,0.047,0.2678,0.2208,1,0.145185
525,Galveston_Bay,1,9,0.522,0.047,0.2678,0.2208,1,0.254185
526,Galveston_Bay,1,10,0.53,0.047,0.2678,0.2208,1,0.262185
527,Galveston_Bay,1,11,0.62,0.047,0.2678,0.2208,0,0.352185
528,Galveston_Bay,1,12,0.644,0.047,0.2678,0.2208,0,0.376185
529,Galveston_Bay,1,13,0.665,0.047,0.2678,0.2208,0,0.397185
530,Galveston_Bay,1,14,0.675,0.047,0.2678,0.2208,0,0.407185
531,Galveston_Bay,1,15,0.631,0.047,0.2678,0.2208,0,0.363185
532,Galveston_Bay,1,16,0.646,0.047,0.2678,0.2208,0,0.378185
533,Galveston_Bay,1,17,0.655,0.047,0.2678,0.2208,0,0.387185
534,Galveston_Bay,1,18,0.483,0.047,0.2678,0.2208,1,0.215185
535,Galveston_Bay,1,19,0.462,0.047,0.2672,0.2202,1,0.194826
536,Galveston_Bay,1,20,0.549,0.047,0.2672,0.2202,1,0.281826
537,Galveston_Bay,1,21,0.553,0.047,0.2672,0.2202,1,0.285826
538,Galveston_Bay,1,22,0.494,0.047,0.2672,0.2202,1,0.226826
539,Galveston_Bay,1,23,0.485,0.047,0.2672,0.2202,1,0.217826
540,Galveston_Bay,1,24,0.444,0.047,0.2672,0.2202,1,0.176826
541,Galveston_Bay,1,25,0.442,0.047,0.2672,0.2202,1,0.174826
542,Galveston_Bay,1,26,0.633,0.047,0.2672,0.2202,0,0.365826
543,Galveston_Bay,2,27,-0.129,0.0486,0.2772,0.2286,0,-0.406171
544,Galveston_Bay,2,28,0.07,0.0482,0.2772,0.2289,0,-0.207171
545,Galveston_Bay,2,29,0.328,0.0482,0.2772,0.2289,1,0.0508292
546,Galveston_Bay,2,30,0.394,0.0482,0.2772,0.2289,1,0.116829
547,Galveston_Bay,2,31,0.422,0.0482,0.2772,0.2289,1,0.144829
548,Galveston_Bay,2,32,0.452,0.0482,0.2772,0.2289,1,0.174829
549,Galveston_Bay,2,33,0.443,0.0482,0.2772,0.2289,1,0.165829
550,Galveston_Bay,2,34,0.529,0.0482,0.2761,0.2278,1,0.252919
551,Galveston_Bay,2,35,0.671,0.0482,0.2761,0.2278,0,0.394919
552,Galveston_Bay,2,36,0.606,0.0482,0.2761,0.2278,0,0.329919
553,Galveston_Bay,2,37,0.674,0.0482,0.2766,0.2283,0,0.397433
554,Galveston_Bay,2,38,0.699,0.0482,0.2766,0.2283,0,0.422433
555,Galveston_Bay,3,39,-0.083,0.0508,0.2922,0.2414,0,-0.375191
556,Galveston_Bay,3,40,-0.043,0.0508,0.2922,0.2414,0,-0.335191
557,Galveston_Bay,3,41,0.074,0.0508,0.2922,0.2414,1,-0.218191
558,Galveston_Bay,3,42,0.164,0.0508,0.2922,0.2414,1,-0.128191
559,Galveston_Bay,3,43,0.215,0.0508,0.2922,0.2414,1,-0.0771907
560,Galveston_Bay,3,44,0.267,0.0508,0.2922,0.2414,1,-0.0251907
561,Galveston_Bay,3,45,0.248,0.0508,0.2922,0.2414,1,-0.0441907
562,Galveston_Bay,3,46,0.273,0.0508,0.2924,0.2416,1,-0.0193591
563,Galveston_Bay,4,47,-0.098,0.0482,0.2964,0.2482,0,-0.394418
564,Galveston_Bay,4,48,-0.073,0.0482,0.2964,0.2482,0,-0.369418
565,Galveston_Bay,4,49,0.136,0.0482,0.2964,0.2482,1,-0.160418
566,Galveston_Bay,4,50,0.254,0.0482,0.2964,0.2482,1,-0.042418
567,Galveston_Bay,4,51,0.275,0.0482,0.2964,0.2482,1,-0.021418
568,Galveston_Bay,4,52,0.291,0.0482,0.2964,0.2482,1,-0.00541801
569,Galveston_Bay,4,53,0.33,0.0482,0.2964,0.2482,1,0.033582
570,Galveston_Bay,4,54,0.344,0.0482,0.2964,0.2482,1,0.047582
571,Galveston_Bay,4,55,0.363,0.0482,0.2964,0.2482,1,0.066582
572,Galveston_Bay,4,56,0.505,0.0482,0.2964,0.2482,0,0.208582
573,Galveston_Bay,4,57,0.596,0.0482,0.2964,0.2482,0,0.299582
574,Galveston_Bay,4,58,0.853,0.0482,0.2964,0.2482,0,0.556582
575,Galveston_Bay,4,59,0.909,0.0482,0.2965,0.2483,0,0.612484
576,Galveston_Bay,4,60,1.088,0.0482,0.2965,0.2483,0,0.791484
577,Galveston_Bay,5,61,-0.091,0.048,0.2964,0.2484,0,-0.387418
578,Galveston_Bay,5,62,0.108,0.048,0.2964,0.2484,0,-0.188418
579,Galveston_Bay,5,63,0.174,0.048,0.2964,0.2484,1,-0.122418
580,Galveston_Bay,5,64,0.177,0.0482,0.2964,0.2482,1,-0.119418
581,Galveston_Bay,5,65,0.157,0.0477,0.2964,0.2487,1,-0.139418
582,Galveston_Bay,5,66,0.242,0.0477,0.2964,0.2487,1,-0.054418
583,Galveston_Bay,5,67,0.271,0.0477,0.2964,0.2487,1,-0.025418
584,Galveston_Bay,5,68,0.461,0.0477,0.2964,0.2487,1,0.164582
585,Galveston_Bay,5,69,0.311,0.0477,0.2964,0.2487,1,0.014582
586,Galveston_Bay,5,70,0.283,0.0477,0.2964,0.2487,1,-0.013418
587,Galveston_Bay,5,71,0.274,0.0477,0.2964,0.2487,1,-0.022418
588,Galveston_Bay,5,72,0.286,0.0477,0.2964,0.2487,1,-0.010418
589,Galveston_Bay,5,73,0.245,0.0477,0.2964,0.2487,1,-0.051418
590,Galveston_Bay,5,74,0.177,0.0477,0.2964,0.2487,1,-0.119418
591,Galveston_Bay,5,75,0.151,0.0477,0.2964,0.2487,1,-0.145418
592,Galveston_Bay,5,76,0.155,0.0477,0.2964,0.2487,1,-0.141418
593,Galveston_Bay,6,77,-0.093,0.0089,0.3527,0.3438,0,-0.445735
594,Galveston_Bay,6,78,0.118,0.0089,0.3527,0.3438,0,-0.234735
595,Galveston_Bay,6,79,0.192,0.0089,0.3527,0.3438,1,-0.160735
596,Galveston_Bay,6,80,0.223,0.0089,0.3527,0.3438,1,-0.129735
597,Galveston_Bay,6,81,0.228,0.0089,0.3527,0.3438,1,-0.124735
598,Galveston_Bay,6,82,0.246,0.0089,0.3527,0.3438,1,-0.106735
599,Galveston_Bay,6,83,0.229,0.0089,0.3527,0.3438,1,-0.123735
600,Galveston_Bay,6,84,0.225,0.0089,0.3527,0.3438,1,-0.127735
601,Galveston_Bay,6,85,0.238,0.0089,0.3527,0.3438,1,-0.114735
602,Galveston_Bay,6,86,0.229,0.0089,0.3527,0.3438,1,-0.123735
603,Galveston_Bay,6,87,0.251,0.0089,0.3527,0.3438,1,-0.101735
604,Galveston_Bay,6,88,0.229,0.0089,0.3527,0.3438,1,-0.123735
605,Galveston_Bay,6,89,0.276,0.0089,0.3577,0.3487,1,-0.0816503
606,Galveston_Bay,6,90,0.251,0.0089,0.3577,0.3487,1,-0.10665
607,Galveston_Bay,6,91,0.341,0.0089,0.3577,0.3487,1,-0.0166503
608,Galveston_Bay,6,92,0.43,0.0089,0.3577,0.3487,1,0.0723497
609,Galveston_Bay,6,93,0.425,0.0089,0.3577,0.3487,1,0.0673497
610,Galveston_Bay,6,94,0.461,0.0089,0.3577,0.3487,1,0.10335
611,Galveston_Bay,6,95,0.499,0.0089,0.3577,0.3487,1,0.14135
612,Galveston_Bay,6,96,0.556,0.0089,0.3577,0.3487,1,0.19835
613,Galveston_Bay,6,97,0.575,0.0089,0.3577,0.3487,1,0.21735
614,Galveston_Bay,6,98,0.542,0.0089,0.3577,0.3487,1,0.18435
615,Galveston_Bay,6,99,0.527,0.0089,0.3577,0.3487,0,0.16935
616,Galveston_Bay,6,100,0.58,0.0089,0.3577,0.3487,0,0.22235
617,Galveston_Bay,6,101,0.791,0.0089,0.3577,0.3487,0,0.43335
618,Galveston_Bay,6,102,0.836,0.0089,0.3577,0.3487,0,0.47835
619,Galveston_Bay,7,103,-0.011,0.0094,0.3533,0.3439,0,-0.364263
620,Galveston_Bay,7,104,-0.046,0.0094,0.3533,0.3439,0,-0.399263
621,Galveston_Bay,7,105,0.07,0.0094,0.3533,0.3439,1,-0.283263
622,Galveston_Bay,7,106,0.226,0.0094,0.3588,0.3495,1,-0.132807
623,Galveston_Bay,7,107,0.306,0.0094,0.3588,0.3495,1,-0.0528073
624,Galveston_Bay,7,108,0.37,0.0094,0.3588,0.3495,1,0.0111927
625,Galveston_Bay,7,109,0.377,0.0094,0.3588,0.3495,1,0.0181927
626,Galveston_Bay,7,110,0.419,0.0094,0.3588,0.3495,1,0.0601927
627,Galveston_Bay,7,111,0.444,0.0094,0.3588,0.3495,1,0.0851927
628,Galveston_Bay,7,112,0.495,0.0094,0.3588,0.3495,1,0.136193
629,Galveston_Bay,7,113,0.567,0.0094,0.3588,0.3495,1,0.208193
630,Galveston_Bay,7,114,0.537,0.0094,0.3588,0.3495,1,0.178193
631,Galveston_Bay,7,115,0.612,0.0094,0.3588,0.3495,0,0.253193
632,Galveston_Bay,7,116,0.608,0.0094,0.3588,0.3495,0,0.249193
633,Galveston_Bay,7,117,0.636,0.0094,0.3588,0.3495,0,0.277193
634,Galveston_Bay,7,118,0.703,0.0094,0.3588,0.3495,0,0.344193
635,Galveston_Bay,7,119,0.786,0.0094,0.3588,0.3495,0,0.427193
636,Galveston_Bay,7,120,0.804,0.0094,0.3588,0.3495,0,0.445193
637,Weeks_Bay,1,1,-0.42,-0.1167,0.3522,0.4689,0,-0.772179
638,Weeks_Bay,1,2,-0.352,-0.1167,0.3522,0.4689,0,-0.704179
639,Weeks_Bay,1,3,0.056,-0.1165,0.3522,0.4687,1,-0.296179
640,Weeks_Bay,1,4,0.213,-0.1165,0.3522,0.4687,1,-0.139179
641,Weeks_Bay,1,5,0.537,-0.1165,0.3522,0.4687,0,0.184821
642,Weeks_Bay,1,6,0.4,-0.1165,0.3522,0.4687,0,0.0478206
643,Weeks_Bay,1,7,0.29,-0.1165,0.3522,0.4687,1,-0.0621794
644,Weeks_Bay,1,8,0.285,-0.1165,0.3522,0.4687,1,-0.0671794
645,Weeks_Bay,1,9,0.286,-0.1165,0.3522,0.4687,1,-0.0661794
646,Weeks_Bay,1,10,0.213,-0.1165,0.3525,0.469,1,-0.139504
647,Weeks_Bay,1,11,0.207,-0.1165,0.3525,0.469,1,-0.145504
648,Weeks_Bay,1,12,0.103,-0.1165,0.3525,0.469,1,-0.249504
649,Weeks_Bay,1,13,0.184,-0.1165,0.3525,0.469,1,-0.168504
650,Weeks_Bay,1,14,0.228,-0.1165,0.3525,0.469,1,-0.124504
651,Weeks_Bay,1,15,0.304,-0.1165,0.3525,0.469,1,-0.0485039
652,Weeks_Bay,1,16,0.571,-0.1165,0.3525,0.469,0,0.218496
653,Weeks_Bay,1,17,0.654,-0.1165,0.3525,0.469,0,0.301496
654,Weeks_Bay,2,18,-0.363,-0.1156,0.3519,0.4675,0,-0.714916
655,Weeks_Bay,2,19,-0.339,-0.1156,0.3519,0.4675,0,-0.690916
656,Weeks_Bay,2,20,-0.238,-0.1156,0.3519,0.4675,1,-0.589916
657,Weeks_Bay,2,21,-0.154,-0.1156,0.3519,0.4675,1,-0.505916
658,Weeks_Bay,2,22,-0.073,-0.1156,0.3519,0.4675,1,-0.424916
659,Weeks_Bay,2,23,0.031,-0.1156,0.3519,0.4675,1,-0.320916
660,Weeks_Bay,2,24,0.151,-0.1156,0.3519,0.4675,1,-0.200916
661,Weeks_Bay,2,25,0.323,-0.1158,0.3519,0.4677,1,-0.0289158
662,Weeks_Bay,2,26,0.384,-0.1158,0.3519,0.4677,1,0.0320842
663,Weeks_Bay,2,27,0.365,-0.1158,0.3519,0.4677,1,0.0130842
664,Weeks_Bay,2,28,0.295,-0.1158,0.3519,0.4677,1,-0.0569158
665,Weeks_Bay,2,29,0.344,-0.1158,0.3519,0.4677,1,-0.00791578
666,Weeks_Bay,2,30,0.368,-0.1158,0.3519,0.4677,0,0.0160842
667,Weeks_Bay,3,31,-0.391,-0.1158,0.3539,0.4697,0,-0.744921
668,Weeks_Bay,3,32,-0.279,-0.1158,0.3539,0.4697,0,-0.632921
669,Weeks_Bay,3,33,-0.166,-0.1158,0.3539,0.4697,1,-0.519921
670,Weeks_Bay,3,34,-0.146,-0.1158,0.3539,0.4697,1,-0.499921
671,Weeks_Bay,3,35,0.145,-0.1158,0.3539,0.4697,1,-0.208921
672,Weeks_Bay,3,36,0.192,-0.1158,0.3539,0.4697,1,-0.161921
673,Weeks_Bay,3,37,0.16,-0.1158,0.3539,0.4697,1,-0.193921
674,Weeks_Bay,3,38,0.192,-0.1158,0.3539,0.4697,1,-0.161921
675,Weeks_Bay,3,39,0.262,-0.1158,0.3539,0.4697,0,-0.0919209
676,Weeks_Bay,3,40,0.333,-0.1158,0.3539,0.4697,0,-0.0209209
677,Weeks_Bay,3,41,0.479,-0.1158,0.3539,0.4697,0,0.125079
678,Weeks_Bay,3,42,0.345,-0.1158,0.3539,0.4697,0,-0.00892088
679,Weeks_Bay,3,43,0.418,-0.1156,0.3539,0.4695,0,0.0640791
680,Weeks_Bay,3,44,0.4,-0.1156,0.3539,0.4695,0,0.0460791
681,Weeks_Bay,3,45,0.496,-0.1154,0.3539,0.4693,0,0.142079
682,Weeks_Bay,3,46,0.63,-0.1154,0.3539,0.4693,0,0.276079
683,Weeks_Bay,4,47,-0.506,-0.117,0.3494,0.4665,0,-0.855446
684,Weeks_Bay,4,48,-0.45,-0.117,0.3494,0.4665,0,-0.799446
685,Weeks_Bay,4,49,-0.416,-0.117,0.3494,0.4665,1,-0.765446
686,Weeks_Bay,4,50,-0.304,-0.117,0.3494,0.4665,1,-0.653446
687,Weeks_Bay,4,51,-0.224,-0.1169,0.3494,0.4663,1,-0.573446
688,Weeks_Bay,4,52,-0.06,-0.1169,0.3494,0.4663,1,-0.409446
689,Weeks_Bay,4,53,-0.015,-0.1169,0.3494,0.4663,1,-0.364446
690,Weeks_Bay,4,54,0.11,-0.1169,0.3494,0.4663,1,-0.239446
691,Weeks_Bay,4,55,0.239,-0.1169,0.3494,0.4663,1,-0.110446
692,Weeks_Bay,4,56,0.277,-0.1169,0.3494,0.4663,1,-0.0724458
693,Weeks_Bay,4,57,0.312,-0.1169,0.3494,0.4663,1,-0.0374458
694,Weeks_Bay,4,58,0.305,-0.1169,0.3494,0.4663,1,-0.0444458
695,Weeks_Bay,4,59,0.337,-0.1169,0.3494,0.4663,1,-0.0124458
696,Weeks_Bay,4,60,0.362,-0.1169,0.3494,0.4663,1,0.0125542
697,Weeks_Bay,4,61,0.349,-0.1169,0.3494,0.4663,1,-0.00044576
698,Weeks_Bay,4,62,0.352,-0.1169,0.3494,0.4663,1,0.00255424
699,Weeks_Bay,4,63,0.378,-0.1169,0.3494,0.4663,0,0.0285542
700,Weeks_Bay,4,64,0.612,-0.1169,0.3494,0.4663,0,0.262554
727,Lake_Pontchartrain,1,1,-0.35,0.0164,0.1799,0.1635,0,-0.529906
728,Lake_Pontchartrain,1,2,-0.295,0.0164,0.1799,0.1635,0,-0.474906
729,Lake_Pontchartrain,1,3,-0.144,0.0164,0.1799,0.1635,1,-0.323906
730,Lake_Pontchartrain,1,4,0.061,0.0164,0.1799,0.1635,1,-0.118906
731,Lake_Pontchartrain,1,5,0.189,0.0164,0.1799,0.1635,0,0.00909424
732,Lake_Pontchartrain,1,6,0.315,0.0164,0.1799,0.1635,0,0.135094
733,Lake_Pontchartrain,1,7,0.334,0.0164,0.1799,0.1635,0,0.154094
734,Lake_Pontchartrain,1,8,0.438,0.0164,0.1799,0.1635,0,0.258094
735,Lake_Pontchartrain,1,9,0.467,0.0164,0.1799,0.1635,0,0.287094
736,Lake_Pontchartrain,1,10,0.413,0.0164,0.1799,0.1635,0,0.233094
737,Lake_Pontchartrain,1,11,0.329,0.0164,0.1799,0.1635,0,0.149094
738,Lake_Pontchartrain,1,12,0.175,0.0164,0.1799,0.1635,0,-0.00490576
739,Lake_Pontchartrain,1,13,0.172,0.0164,0.1799,0.1635,1,-0.00790576
740,Lake_Pontchartrain,1,14,0.125,0.0164,0.1799,0.1635,1,-0.0549058
741,Lake_Pontchartrain,1,15,0.111,0.0164,0.1799,0.1635,1,-0.0689058
742,Lake_Pontchartrain,1,16,0.127,0.0164,0.1799,0.1635,1,-0.0529058
743,Lake_Pontchartrain,1,17,0.095,0.0164,0.1797,0.1633,1,-0.0847061
744,Lake_Pontchartrain,1,18,0.079,0.0164,0.1797,0.1633,1,-0.100706
745,Lake_Pontchartrain,1,19,0.104,0.0164,0.1797,0.1633,1,-0.075706
746,Lake_Pontchartrain,1,20,0.174,0.0164,0.1797,0.1633,1,-0.00570605
747,Lake_Pontchartrain,1,21,0.22,0.0164,0.1797,0.1633,0,0.0402939
748,Lake_Pontchartrain,1,22,0.308,0.0164,0.1797,0.1633,0,0.128294
749,Lake_Pontchartrain,2,23,-0.293,0.012,0.1585,0.1465,0,-0.451457
750,Lake_Pontchartrain,2,24,-0.299,0.012,0.1585,0.1465,0,-0.457457
751,Lake_Pontchartrain,2,25,-0.214,0.012,0.1585,0.1465,0,-0.372457
752,Lake_Pontchartrain,2,26,-0.078,0.012,0.1585,0.1465,1,-0.236457
753,Lake_Pontchartrain,2,27,0.162,0.012,0.1585,0.1465,1,0.00354266
754,Lake_Pontchartrain,2,28,0.229,0.012,0.1585,0.1465,1,0.0705427
755,Lake_Pontchartrain,2,29,0.3,0.012,0.1585,0.1465,1,0.141543
756,Lake_Pontchartrain,2,30,0.342,0.012,0.1585,0.1465,0,0.183543
757,Lake_Pontchartrain,2,31,0.317,0.012,0.1585,0.1465,1,0.158543
758,Lake_Pontchartrain,2,32,0.269,0.012,0.1585,0.1465,1,0.110543
759,Lake_Pontchartrain,2,33,0.177,0.012,0.1585,0.1465,1,0.0185427
760,Lake_Pontchartrain,2,34,0.199,0.012,0.1585,0.1465,1,0.0405427
761,Lake_Pontchartrain,2,35,0.072,0.012,0.1585,0.1465,1,-0.0864573
762,Lake_Pontchartrain,2,36,0.091,0.012,0.1585,0.1465,1,-0.0674573
763,Lake_Pontchartrain,3,37,-0.172,0.0114,0.1548,0.1434,0,-0.326844
764,Lake_Pontchartrain,3,38,-0.205,0.0114,0.1548,0.1434,0,-0.359844
765,Lake_Pontchartrain,3,39,-0.086,0.0114,0.1548,0.1434,1,-0.240844
766,Lake_Pontchartrain,3,40,0.225,0.0114,0.1548,0.1434,1,0.0701564
767,Lake_Pontchartrain,3,41,0.262,0.0114,0.1548,0.1434,1,0.107156
768,Lake_Pontchartrain,3,42,0.36,0.0114,0.1548,0.1434,0,0.205156
769,Lake_Pontchartrain,3,43,0.175,0.0114,0.1548,0.1434,1,0.0201564
770,Lake_Pontchartrain,3,44,0.107,0.0114,0.1548,0.1434,1,-0.0478436
771,Lake_Pontchartrain,3,45,-0.051,0.0114,0.1548,0.1434,1,-0.205844
772,Lake_Pontchartrain,3,46,0.056,0.0114,0.1548,0.1434,1,-0.0988436
773,Lake_Pontchartrain,3,47,0.065,0.0114,0.1548,0.1434,1,-0.0898436
774,Lake_Pontchartrain,3,48,0.04,0.0114,0.1548,0.1434,1,-0.114844
775,Lake_Pontchartrain,3,49,0.009,0.0114,0.1548,0.1434,1,-0.145844
776,Lake_Pontchartrain,3,50,0.041,0.0114,0.1548,0.1434,1,-0.113844
777,Lake_Pontchartrain,3,51,-0.14,0.0114,0.1548,0.1434,0,-0.294844
778,Lake_Pontchartrain,3,52,-0.392,0.0114,0.1548,0.1434,0,-0.546844
779,Lake_Pontchartrain,4,53,-0.19,0.017,0.1525,0.1354,0,-0.342461
780,Lake_Pontchartrain,4,54,-0.122,0.017,0.1525,0.1354,0,-0.274461
781,Lake_Pontchartrain,4,55,0.165,0.017,0.1525,0.1354,0,0.0125393
782,Lake_Pontchartrain,4,56,0.264,0.017,0.1525,0.1354,0,0.111539
783,Lake_Pontchartrain,4,57,0.202,0.017,0.1525,0.1354,0,0.0495393
784,Lake_Pontchartrain,4,58,0.298,0.017,0.1525,0.1354,0,0.145539
785,Lake_Pontchartrain,4,59,0.258,0.017,0.1525,0.1354,0,0.105539
786,Lake_Pontchartrain,4,60,0.227,0.017,0.1525,0.1354,0,0.0745393
787,Lake_Pontchartrain,4,61,0.26,0.017,0.1525,0.1354,0,0.107539
788,Lake_Pontchartrain,4,62,0.257,0.017,0.1525,0.1354,0,0.104539
789,Lake_Pontchartrain,4,63,0.233,0.017,0.1525,0.1354,0,0.0805393
790,Lake_Pontchartrain,4,64,0.22,0.017,0.1525,0.1354,0,0.0675393
791,Lake_Pontchartrain,4,65,0.105,0.017,0.1525,0.1354,0,-0.0474607
792,Lake_Pontchartrain,4,66,0.119,0.017,0.1525,0.1354,0,-0.0334607
827,Ten_Thousand_Islands,1,1,-0.7428,-0.7181,0.3035,1.0216,0,-1.0463
828,Ten_Thousand_Islands,1,2,-0.633,-0.7181,0.3035,1.0216,0,-0.936496
829,Ten_Thousand_Islands,1,3,-0.6685,-0.7181,0.3035,1.0216,0,-0.971996
830,Ten_Thousand_Islands,1,4,-0.2849,-0.7181,0.3035,1.0216,1,-0.588396
831,Ten_Thousand_Islands,1,5,-0.0524,-0.7181,0.3035,1.0216,1,-0.355896
832,Ten_Thousand_Islands,1,6,-0.2035,-0.7181,0.3035,1.0216,1,-0.506996
833,Ten_Thousand_Islands,1,7,-0.2737,-0.7181,0.3035,1.0216,1,-0.577196
834,Ten_Thousand_Islands,1,8,-0.1739,-0.7181,0.3035,1.0216,1,-0.477396
835,Ten_Thousand_Islands,1,9,-0.2546,-0.7181,0.3035,1.0216,1,-0.558096
836,Ten_Thousand_Islands,1,10,-0.2155,-0.7181,0.3035,1.0216,1,-0.518996
837,Ten_Thousand_Islands,1,11,-0.2089,-0.7181,0.3035,1.0216,1,-0.512396
838,Ten_Thousand_Islands,1,12,-0.1742,-0.7181,0.3035,1.0216,1,-0.477696
839,Ten_Thousand_Islands,2,13,-0.4499,-0.8751,0.3516,1.2267,0,-0.801536
840,Ten_Thousand_Islands,2,14,-0.3866,-0.8751,0.3516,1.2267,0,-0.738236
841,Ten_Thousand_Islands,2,15,0.1681,-0.8751,0.3516,1.2267,1,-0.183536
842,Ten_Thousand_Islands,2,16,0.186,-0.8751,0.3516,1.2267,1,-0.165636
843,Ten_Thousand_Islands,2,17,0.1338,-0.8751,0.3516,1.2267,1,-0.217836
844,Ten_Thousand_Islands,2,18,0.1959,-0.8751,0.3516,1.2267,1,-0.155736
845,Ten_Thousand_Islands,2,19,0.2372,-0.8751,0.3516,1.2267,1,-0.114436
846,Ten_Thousand_Islands,2,20,0.5403,-0.8751,0.3564,1.2315,1,0.183899
847,Ten_Thousand_Islands,2,21,0.7063,-0.8751,0.3564,1.2315,0,0.349899
848,Ten_Thousand_Islands,2,22,0.8918,-0.8751,0.3564,1.2315,0,0.535399
849,Ten_Thousand_Islands,2,23,0.8767,-0.8751,0.3564,1.2315,0,0.520299
850,Ten_Thousand_Islands,2,24,0.7295,-0.8751,0.3564,1.2315,0,0.373099
851,Ten_Thousand_Islands,2,25,0.5496,-0.8751,0.3564,1.2315,1,0.193199
852,Ten_Thousand_Islands,2,26,0.2242,-0.8751,0.3564,1.2315,1,-0.132201
853,Ten_Thousand_Islands,2,27,0.1229,-0.8751,0.3564,1.2315,1,-0.233501
854,Ten_Thousand_Islands,2,28,0.1161,-0.8751,0.3564,1.2315,1,-0.240301
855,Ten_Thousand_Islands,2,29,0.194,-0.8751,0.3564,1.2315,1,-0.162401
856,Ten_Thousand_Islands,3,30,-0.5334,-0.8864,0.3726,1.2589,0,-0.905964
857,Ten_Thousand_Islands,3,31,-0.3814,-0.8864,0.3726,1.2589,0,-0.753964
858,Ten_Thousand_Islands,3,32,-0.2403,-0.8864,0.3689,1.2552,1,-0.609187
859,Ten_Thousand_Islands,3,33,-0.027,-0.8864,0.3689,1.2552,1,-0.395887
860,Ten_Thousand_Islands,3,34,0.2599,-0.8864,0.3689,1.2552,1,-0.108987
861,Ten_Thousand_Islands,3,35,0.5331,-0.8864,0.3689,1.2552,1,0.164213
862,Ten_Thousand_Islands,3,36,0.5706,-0.8864,0.3689,1.2552,1,0.201713
863,Ten_Thousand_Islands,3,37,0.2587,-0.8864,0.3689,1.2552,1,-0.110187
864,Ten_Thousand_Islands,3,38,0.1823,-0.8864,0.3689,1.2552,1,-0.186587
865,Ten_Thousand_Islands,3,39,0.1854,-0.8832,0.3689,1.2521,1,-0.183487
866,Ten_Thousand_Islands,3,40,0.2052,-0.8832,0.3689,1.2521,1,-0.163687
867,Ten_Thousand_Islands,3,41,0.246,-0.8832,0.3689,1.2521,1,-0.122887
868,Ten_Thousand_Islands,3,42,0.238,-0.8832,0.3689,1.2521,1,-0.130887
869,Ten_Thousand_Islands,3,43,0.2669,-0.8832,0.3689,1.2521,1,-0.101987
870,Ten_Thousand_Islands,3,44,0.2227,-0.8832,0.3689,1.2521,1,-0.146187
871,Ten_Thousand_Islands,4,45,-0.798,-0.7044,0.2935,0.998,0,-1.09155
872,Ten_Thousand_Islands,4,46,-0.3643,-0.7044,0.2935,0.998,0,-0.657849
873,Ten_Thousand_Islands,4,47,-0.1827,-0.7044,0.2935,0.998,1,-0.476249
874,Ten_Thousand_Islands,4,48,-0.0731,-0.7044,0.294,0.9984,1,-0.367073
875,Ten_Thousand_Islands,4,49,0.0498,-0.6963,0.294,0.9903,1,-0.244173
876,Ten_Thousand_Islands,4,50,0.0945,-0.6963,0.294,0.9903,1,-0.199473
877,Ten_Thousand_Islands,4,51,0.1155,-0.6963,0.294,0.9903,1,-0.178473
878,Ten_Thousand_Islands,4,52,0.1452,-0.6963,0.2906,0.9869,1,-0.145398
879,Ten_Thousand_Islands,4,53,0.1406,-0.6963,0.2906,0.9869,1,-0.149998
880,Ten_Thousand_Islands,5,54,0.1476,-0.7173,0.3012,1.0186,0,-0.15364
881,Ten_Thousand_Islands,5,55,0.2172,-0.7173,0.3012,1.0186,0,-0.0840401
882,Ten_Thousand_Islands,5,56,0.2801,-0.7173,0.3012,1.0186,1,-0.0211401
883,Ten_Thousand_Islands,5,57,0.2886,-0.7173,0.3012,1.0186,1,-0.0126401
884,Ten_Thousand_Islands,5,58,0.3135,-0.7173,0.3012,1.0186,1,0.0122599
885,Ten_Thousand_Islands,5,59,0.3656,-0.7173,0.3012,1.0186,1,0.0643599
886,Ten_Thousand_Islands,5,60,0.3827,-0.7173,0.3012,1.0186,1,0.0814599
887,Ten_Thousand_Islands,5,61,0.4289,-0.7173,0.3012,1.0186,1,0.12766
888,Ten_Thousand_Islands,6,62,-0.1318,-0.7242,0.2919,1.0161,0,-0.423718
889,Ten_Thousand_Islands,6,63,-0.1404,-0.7242,0.2919,1.0161,0,-0.432318
890,Ten_Thousand_Islands,6,64,-0.1158,-0.7242,0.2919,1.0161,1,-0.407718
891,Ten_Thousand_Islands,6,65,-0.1078,-0.7242,0.2919,1.0161,1,-0.399718
892,Ten_Thousand_Islands,6,66,-0.1002,-0.7242,0.2919,1.0161,1,-0.392118
893,Ten_Thousand_Islands,6,67,-0.0654,-0.7242,0.2919,1.0161,1,-0.357318
894,Ten_Thousand_Islands,6,68,-0.0754,-0.7242,0.2919,1.0161,1,-0.367318
895,Ten_Thousand_Islands,6,69,-0.0753,-0.7242,0.2919,1.0161,1,-0.367218
896,Ten_Thousand_Islands,6,70,-0.0337,-0.7242,0.2919,1.0161,1,-0.325618
897,Ten_Thousand_Islands,6,71,-0.0019,-0.7248,0.2919,1.0168,1,-0.293818
898,Ten_Thousand_Islands,6,72,0.0064,-0.7248,0.2919,1.0168,1,-0.285518
899,Ten_Thousand_Islands,6,73,0.12,-0.7248,0.2919,1.0168,0,-0.171918
900,Ten_Thousand_Islands,6,74,0.0989,-0.7248,0.2919,1.0168,0,-0.193018
901,Ten_Thousand_Islands,6,75,0.321,-0.7248,0.2919,1.0168,0,0.0290818
902,Ten_Thousand_Islands,6,76,0.3701,-0.7248,0.2919,1.0168,0,0.0781818
903,Ten_Thousand_Islands,6,77,0.4219,-0.7248,0.2919,1.0168,0,0.129982
904,Ten_Thousand_Islands,7,78,-0.1104,-0.7242,0.2919,1.0161,0,-0.402318
905,Ten_Thousand_Islands,7,79,-0.0887,-0.7242,0.2919,1.0161,0,-0.380618
906,Ten_Thousand_Islands,7,80,-0.0721,-0.7242,0.2919,1.0161,1,-0.364018
907,Ten_Thousand_Islands,7,81,-0.0806,-0.7242,0.2919,1.0161,1,-0.372518
908,Ten_Thousand_Islands,7,82,-0.0377,-0.7242,0.2919,1.0161,1,-0.329618
909,Ten_Thousand_Islands,7,83,-0.0349,-0.7242,0.2919,1.0161,1,-0.326818
910,Ten_Thousand_Islands,7,84,-0.0239,-0.7242,0.2919,1.0161,1,-0.315818
911,Ten_Thousand_Islands,7,85,-0.0487,-0.7242,0.2919,1.0161,1,-0.340618
912,Ten_Thousand_Islands,7,86,-0.0243,-0.7242,0.2919,1.0161,1,-0.316218
913,Ten_Thousand_Islands,7,87,-0.0156,-0.7242,0.2919,1.0161,1,-0.307518
914,Ten_Thousand_Islands,7,88,-0.0262,-0.7242,0.2919,1.0161,1,-0.318118
915,Ten_Thousand_Islands,7,89,-0.011,-0.7242,0.2919,1.0161,1,-0.302918
916,Ten_Thousand_Islands,7,90,0.0325,-0.7242,0.2919,1.0161,1,-0.259418
917,Ten_Thousand_Islands,7,91,0.029,-0.7242,0.2919,1.0161,1,-0.262918
918,Ten_Thousand_Islands,7,92,0.0619,-0.7242,0.2919,1.0161,1,-0.230018
919,Ten_Thousand_Islands,7,93,0.0985,-0.7242,0.2919,1.0161,1,-0.193418
920,Ten_Thousand_Islands,7,94,0.1208,-0.7242,0.2919,1.0161,1,-0.171118
921,Ten_Thousand_Islands,7,95,0.1653,-0.7242,0.2919,1.0161,1,-0.126618
922,Ten_Thousand_Islands,7,96,0.1209,-0.7248,0.2919,1.0168,1,-0.171018
923,Ten_Thousand_Islands,7,97,0.1207,-0.7248,0.2911,1.0159,1,-0.170373
924,Tampa_Bay,1,1,-0.4199,-0.4602,0.2261,0.6863,0,-0.646009
925,Tampa_Bay,1,2,-0.3671,-0.4602,0.2261,0.6863,0,-0.593209
926,Tampa_Bay,1,3,-0.0287,-0.4602,0.2261,0.6863,1,-0.254809
927,Tampa_Bay,1,4,0.0672,-0.4602,0.2261,0.6863,1,-0.158909
928,Tampa_Bay,1,5,0.1677,-0.4602,0.2261,0.6863,1,-0.0584088
929,Tampa_Bay,1,6,0.1841,-0.4602,0.2261,0.6863,1,-0.0420088
930,Tampa_Bay,1,7,0.2408,-0.4602,0.2261,0.6863,1,0.0146912
931,Tampa_Bay,1,8,0.2695,-0.4603,0.2261,0.6864,1,0.0433912
932,Tampa_Bay,2,9,-0.3286,-0.4602,0.2261,0.6863,0,-0.554709
933,Tampa_Bay,2,10,-0.26,-0.4602,0.2261,0.6863,0,-0.486109
934,Tampa_Bay,2,11,-0.1067,-0.4602,0.2261,0.6863,0,-0.332809
935,Tampa_Bay,2,12,0.0483,-0.4602,0.2261,0.6863,0,-0.177809
936,Tampa_Bay,2,13,0.177,-0.4602,0.2261,0.6863,1,-0.0491088
937,Tampa_Bay,2,14,0.2567,-0.4602,0.2261,0.6863,1,0.0305912
938,Tampa_Bay,2,15,0.2309,-0.4602,0.2261,0.6863,1,0.0047912
939,Tampa_Bay,2,16,0.0046,-0.4601,0.2261,0.6863,1,-0.221509
940,Tampa_Bay,2,17,0.1415,-0.4601,0.2261,0.6863,1,-0.0846088
941,Tampa_Bay,2,18,0.2177,-0.4601,0.2261,0.6863,1,-0.0084088
942,Tampa_Bay,2,19,0.1959,-0.4601,0.2261,0.6863,1,-0.0302088
943,Tampa_Bay,2,20,-0.1487,-0.4601,0.2261,0.6863,0,-0.374809
944,Tampa_Bay,2,21,-0.291,-0.4601,0.2261,0.6863,0,-0.517109
945,Tampa_Bay,2,22,-0.2525,-0.4601,0.2261,0.6863,0,-0.478609
946,Tampa_Bay,3,23,-0.2736,-0.4602,0.2261,0.6863,0,-0.499709
947,Tampa_Bay,3,24,-0.1212,-0.4602,0.2261,0.6863,0,-0.347309
948,Tampa_Bay,3,25,0.0981,-0.4602,0.2261,0.6863,1,-0.128009
949,Tampa_Bay,3,26,0.1693,-0.4602,0.2261,0.6863,1,-0.0568088
950,Tampa_Bay,3,27,0.0741,-0.4602,0.2261,0.6863,1,-0.152009
951,Tampa_Bay,3,28,0.1143,-0.4602,0.2261,0.6863,1,-0.111809
952,Tampa_Bay,3,29,0.0198,-0.4602,0.2261,0.6863,0,-0.206309
953,Tampa_Bay,3,30,-0.2371,-0.4602,0.2261,0.6863,0,-0.463209
954,Tampa_Bay,3,31,-0.2922,-0.4602,0.2261,0.6863,0,-0.518309
955,Tampa_Bay,4,32,-0.6647,-0.4817,0.1376,0.6193,0,-0.802314
956,Tampa_Bay,4,33,-0.4607,-0.4817,0.1376,0.6193,0,-0.598314
957,Tampa_Bay,4,34,-0.4691,-0.4817,0.1376,0.6193,0,-0.606714
958,Tampa_Bay,4,35,-0.3124,-0.4817,0.1376,0.6193,0,-0.450014
959,Tampa_Bay,4,36,-0.2488,-0.4817,0.1405,0.6222,0,-0.389326
960,Tampa_Bay,4,37,-0.129,-0.4817,0.1405,0.6222,1,-0.269526
961,Tampa_Bay,4,38,0.0092,-0.4817,0.1405,0.6222,1,-0.131326
962,Tampa_Bay,4,39,0.1477,-0.4817,0.1405,0.6222,1,0.0071743
963,Tampa_Bay,4,40,0.4086,-0.4817,0.1405,0.6222,0,0.268074
964,Tampa_Bay,4,41,0.4956,-0.4817,0.1405,0.6222,0,0.355074
965,Tampa_Bay,4,42,0.5593,-0.4817,0.1405,0.6222,0,0.418774
966,Tampa_Bay,4,43,0.6587,-0.4817,0.1405,0.6222,0,0.518174
967,Tampa_Bay,4,44,0.7568,-0.4817,0.1405,0.6222,0,0.616274
968,Tampa_Bay,4,45,0.9799,-0.4817,0.1405,0.6222,0,0.839374
969,Tampa_Bay,4,46,0.8281,-0.4817,0.1405,0.6222,0,0.687574
970,Tampa_Bay,4,47,0.7454,-0.4817,0.1405,0.6222,0,0.604874
971,Tampa_Bay,4,48,0.4069,-0.4817,0.1405,0.6222,0,0.266374
972,Tampa_Bay,4,49,0.2748,-0.4817,0.1405,0.6222,0,0.134274
973,Tampa_Bay,4,50,0.2207,-0.4817,0.1405,0.6222,0,0.0801743
974,Tampa_Bay,4,51,0.1025,-0.4817,0.1405,0.6222,1,-0.0380257
975,Tampa_Bay,4,52,0.1569,-0.4817,0.1405,0.6222,1,0.0163743
976,Tampa_Bay,4,53,0.1375,-0.4817,0.1405,0.6222,1,-0.0030257
977,Tampa_Bay,5,54,-0.6377,-0.4818,0.1376,0.6194,0,-0.775314
978,Tampa_Bay,5,55,-0.3769,-0.4818,0.1376,0.6194,0,-0.514514
979,Tampa_Bay,5,56,-0.2009,-0.4818,0.1376,0.6194,1,-0.338514
980,Tampa_Bay,5,57,-0.1245,-0.4817,0.1376,0.6194,1,-0.262114
981,Tampa_Bay,5,58,-0.0674,-0.4817,0.1376,0.6194,1,-0.205014
982,Tampa_Bay,5,59,-0.0076,-0.4817,0.1376,0.6194,1,-0.145214
983,Tampa_Bay,5,60,0.0635,-0.4817,0.1376,0.6194,1,-0.0741138
984,Tampa_Bay,5,61,0.1095,-0.4817,0.1376,0.6194,0,-0.0281138
985,Tampa_Bay,5,62,0.1784,-0.4817,0.1376,0.6194,1,0.0407862
986,Tampa_Bay,5,63,0.1396,-0.4817,0.1376,0.6194,1,0.00198618
987,Tampa_Bay,5,64,0.0778,-0.4817,0.1376,0.6194,1,-0.0598138
988,Tampa_Bay,5,65,0.0869,-0.4817,0.1376,0.6194,1,-0.0507138
989,Tampa_Bay,5,66,-0.0214,-0.4817,0.1376,0.6194,1,-0.159014
990,Tampa_Bay,5,67,-0.1513,-0.4817,0.1376,0.6194,1,-0.288914
991,Tampa_Bay,5,68,-0.3936,-0.4817,0.1376,0.6194,0,-0.531214
992,Tampa_Bay,5,69,-0.5183,-0.4817,0.1376,0.6194,0,-0.655914
993,Tampa_Bay,6,70,-0.4678,-0.4683,0.2218,0.6902,0,-0.689624
994,Tampa_Bay,6,71,-0.3495,-0.4683,0.2218,0.6902,0,-0.571324
995,Tampa_Bay,6,72,-0.1733,-0.4683,0.2218,0.6902,1,-0.395124
996,Tampa_Bay,6,73,-0.0002,-0.4682,0.2218,0.69,1,-0.222024
997,Tampa_Bay,6,74,0.0841,-0.4682,0.2218,0.69,1,-0.137724
998,Tampa_Bay,6,75,0.0921,-0.4682,0.2218,0.69,1,-0.129724
999,Tampa_Bay,6,76,0.0983,-0.4682,0.2218,0.69,1,-0.123524
1000,Tampa_Bay,6,77,0.1036,-0.4682,0.2218,0.69,1,-0.118224
1001,Tampa_Bay,6,78,0.0966,-0.4682,0.2218,0.69,1,-0.125224
1002,Tampa_Bay,6,79,0.0779,-0.4682,0.2218,0.69,1,-0.143924
1003,Tampa_Bay,6,80,0.0833,-0.4682,0.2218,0.69,1,-0.138524
1004,Tampa_Bay,6,81,0.0752,-0.4682,0.2218,0.69,1,-0.146624
1005,Tampa_Bay,6,82,0.0785,-0.4682,0.2218,0.69,1,-0.143324
1006,Tampa_Bay,7,83,-0.8705,-0.4679,0.2206,0.6886,0,-1.09111
1007,Tampa_Bay,7,84,-0.3115,-0.4679,0.2206,0.6886,0,-0.532109
1008,Tampa_Bay,7,85,-0.1153,-0.4679,0.2206,0.6886,1,-0.335909
1009,Tampa_Bay,7,86,-0.034,-0.4679,0.2206,0.6886,1,-0.254609
1010,Tampa_Bay,7,87,0.0675,-0.4679,0.2206,0.6886,0,-0.153109
1011,Tampa_Bay,7,88,0.2527,-0.4679,0.2206,0.6886,0,0.0320906
1012,Tampa_Bay,7,89,0.5781,-0.4679,0.2206,0.6886,0,0.357491
1013,Tampa_Bay,7,90,0.7479,-0.4679,0.2206,0.6886,0,0.527291
1014,Tampa_Bay,7,91,0.6033,-0.4679,0.2206,0.6886,0,0.382691
1015,Tampa_Bay,7,92,0.4947,-0.4679,0.2206,0.6886,0,0.274091
1016,Tampa_Bay,7,93,0.4307,-0.4682,0.2206,0.6888,0,0.210091
1017,Tampa_Bay,7,94,0.2212,-0.4682,0.2206,0.6888,0,0.000590618
1018,Tampa_Bay,7,95,0.14,-0.4682,0.2206,0.6888,1,-0.0806094
1019,Tampa_Bay,7,96,0.1154,-0.4682,0.2206,0.6888,1,-0.105209
1020,Tampa_Bay,7,97,0.1073,-0.4682,0.2206,0.6888,1,-0.113309
